run_id,seed,network_type,network_kwargs,n_nodes,a0,ratio,beta_I,b,g_I,I0,X0_frac,init_method,strategy_choice_func,tau,policy,seeded_nodes,steps_run,converged,X_final,I_final,high_adoption,t_half,t_high,clusters_n_final,cluster_max_final,cluster_mean_final,scenario_id,baseline_cell_id,network_label,scenario_beta_I,scenario_X0,scenario_I0
0,555,grid,{},300,1.6250000000000002,2.0,1.5,1.0,0.08,0.2499999999999999,0.3,random,imitate,1.0,none,87,15,True,1.0,0.6853489307943915,1,3.0,5.0,1,289,289.0,0,26,grid,1.5,0.3,0.2499999999999999
1,556,grid,{},300,1.6250000000000002,2.0,1.5,1.0,0.08,0.2499999999999999,0.3,random,imitate,1.0,none,87,10,True,1.0,0.5785631384027846,1,1.0,4.0,1,289,289.0,0,26,grid,1.5,0.3,0.2499999999999999
2,557,grid,{},300,1.6250000000000002,2.0,1.5,1.0,0.08,0.2499999999999999,0.3,random,imitate,1.0,none,87,34,True,1.0,0.7430286025116885,1,17.0,23.0,1,289,289.0,0,26,grid,1.5,0.3,0.2499999999999999
3,558,grid,{},300,1.6250000000000002,2.0,1.5,1.0,0.08,0.2499999999999999,0.3,random,imitate,1.0,none,87,6,True,1.0,0.49232713534184075,1,0.0,2.0,1,289,289.0,0,26,grid,1.5,0.3,0.2499999999999999
4,559,grid,{},300,1.6250000000000002,2.0,1.5,1.0,0.08,0.2499999999999999,0.3,random,imitate,1.0,none,87,6,True,1.0,0.441574222188955,1,2.0,3.0,1,289,289.0,0,26,grid,1.5,0.3,0.2499999999999999
5,560,grid,{},300,1.6250000000000002,2.0,1.5,1.0,0.08,0.2499999999999999,0.3,random,imitate,1.0,none,87,9,True,1.0,0.5558199293041826,1,1.0,4.0,1,289,289.0,0,26,grid,1.5,0.3,0.2499999999999999
6,561,grid,{},300,1.6250000000000002,2.0,1.5,1.0,0.08,0.2499999999999999,0.3,random,imitate,1.0,none,87,7,True,1.0,0.5000355340700434,1,1.0,3.0,1,289,289.0,0,26,grid,1.5,0.3,0.2499999999999999
7,562,grid,{},300,1.6250000000000002,2.0,1.5,1.0,0.08,0.2499999999999999,0.3,random,imitate,1.0,none,87,8,True,1.0,0.5545864128209037,1,1.0,2.0,1,289,289.0,0,26,grid,1.5,0.3,0.2499999999999999
8,563,grid,{},300,1.6250000000000002,2.0,1.5,1.0,0.08,0.2499999999999999,0.3,random,imitate,1.0,none,87,10,True,1.0,0.5862033886420804,1,2.0,4.0,1,289,289.0,0,26,grid,1.5,0.3,0.2499999999999999
9,564,grid,{},300,1.6250000000000002,2.0,1.5,1.0,0.08,0.2499999999999999,0.3,random,imitate,1.0,none,87,3,True,1.0,0.3872672664359861,1,0.0,1.0,1,289,289.0,0,26,grid,1.5,0.3,0.2499999999999999
10,565,grid,{},300,1.6250000000000002,2.0,1.5,1.0,0.08,0.2499999999999999,0.3,random,imitate,1.0,none,87,10,True,1.0,0.618985420925857,1,1.0,2.0,1,289,289.0,0,26,grid,1.5,0.3,0.2499999999999999
11,566,grid,{},300,1.6250000000000002,2.0,1.5,1.0,0.08,0.2499999999999999,0.3,random,imitate,1.0,none,87,8,True,1.0,0.5845934766493965,1,0.0,1.0,1,289,289.0,0,26,grid,1.5,0.3,0.2499999999999999
12,567,grid,{},300,1.6250000000000002,2.0,1.5,1.0,0.08,0.2499999999999999,0.3,random,imitate,1.0,none,87,7,True,1.0,0.5158512156698928,1,1.0,2.0,1,289,289.0,0,26,grid,1.5,0.3,0.2499999999999999
13,568,grid,{},300,1.6250000000000002,2.0,1.5,1.0,0.08,0.2499999999999999,0.3,random,imitate,1.0,none,87,3,True,1.0,0.36777982006920407,1,1.0,1.0,1,289,289.0,0,26,grid,1.5,0.3,0.2499999999999999
14,569,grid,{},300,1.6250000000000002,2.0,1.5,1.0,0.08,0.2499999999999999,0.3,random,imitate,1.0,none,87,8,True,1.0,0.5533529527483793,1,1.0,3.0,1,289,289.0,0,26,grid,1.5,0.3,0.2499999999999999
15,570,grid,{},300,1.6250000000000002,2.0,1.5,1.0,0.08,0.2499999999999999,0.3,random,imitate,1.0,none,87,7,True,1.0,0.4911384357031241,1,1.0,4.0,1,289,289.0,0,26,grid,1.5,0.3,0.2499999999999999
16,571,grid,{},300,1.6250000000000002,2.0,1.5,1.0,0.08,0.2499999999999999,0.3,random,imitate,1.0,none,87,12,True,1.0,0.5809393712048699,1,3.0,6.0,1,289,289.0,0,26,grid,1.5,0.3,0.2499999999999999
17,572,grid,{},300,1.6250000000000002,2.0,1.5,1.0,0.08,0.2499999999999999,0.3,random,imitate,1.0,none,87,24,True,1.0,0.7048014163527098,1,10.0,14.0,1,289,289.0,0,26,grid,1.5,0.3,0.2499999999999999
18,573,grid,{},300,1.6250000000000002,2.0,1.5,1.0,0.08,0.2499999999999999,0.3,random,imitate,1.0,none,87,3,True,1.0,0.37832321107266426,1,0.0,1.0,1,289,289.0,0,26,grid,1.5,0.3,0.2499999999999999
19,574,grid,{},300,1.6250000000000002,2.0,1.5,1.0,0.08,0.2499999999999999,0.3,random,imitate,1.0,none,87,6,True,1.0,0.48480332979642904,1,1.0,2.0,1,289,289.0,0,26,grid,1.5,0.3,0.2499999999999999
20,575,small_world,"{""k"": 6, ""rewiring_p"": 0.05}",300,1.6250000000000002,2.0,1.5,1.0,0.08,0.2499999999999999,0.3,random,imitate,1.0,none,90,13,True,1.0,0.45655287654686527,1,8.0,10.0,1,300,300.0,0,26,small_world,1.5,0.3,0.2499999999999999
21,576,small_world,"{""k"": 6, ""rewiring_p"": 0.05}",300,1.6250000000000002,2.0,1.5,1.0,0.08,0.2499999999999999,0.3,random,imitate,1.0,none,90,8,True,1.0,0.5001661760639904,1,2.0,4.0,1,300,300.0,0,26,small_world,1.5,0.3,0.2499999999999999
22,577,small_world,"{""k"": 6, ""rewiring_p"": 0.05}",300,1.6250000000000002,2.0,1.5,1.0,0.08,0.2499999999999999,0.3,random,imitate,1.0,none,90,9,True,1.0,0.5105123160465683,1,3.0,5.0,1,300,300.0,0,26,small_world,1.5,0.3,0.2499999999999999
23,578,small_world,"{""k"": 6, ""rewiring_p"": 0.05}",300,1.6250000000000002,2.0,1.5,1.0,0.08,0.2499999999999999,0.3,random,imitate,1.0,none,90,9,True,1.0,0.47171884303124445,1,4.0,5.0,1,300,300.0,0,26,small_world,1.5,0.3,0.2499999999999999
24,579,small_world,"{""k"": 6, ""rewiring_p"": 0.05}",300,1.6250000000000002,2.0,1.5,1.0,0.08,0.2499999999999999,0.3,random,imitate,1.0,none,90,7,True,1.0,0.3937729827738965,1,3.0,5.0,1,300,300.0,0,26,small_world,1.5,0.3,0.2499999999999999
25,580,small_world,"{""k"": 6, ""rewiring_p"": 0.05}",300,1.6250000000000002,2.0,1.5,1.0,0.08,0.2499999999999999,0.3,random,imitate,1.0,none,90,7,True,1.0,0.4624717732626431,1,2.0,4.0,1,300,300.0,0,26,small_world,1.5,0.3,0.2499999999999999
26,581,small_world,"{""k"": 6, ""rewiring_p"": 0.05}",300,1.6250000000000002,2.0,1.5,1.0,0.08,0.2499999999999999,0.3,random,imitate,1.0,none,90,8,True,1.0,0.46516453035241195,1,3.0,5.0,1,300,300.0,0,26,small_world,1.5,0.3,0.2499999999999999
27,582,small_world,"{""k"": 6, ""rewiring_p"": 0.05}",300,1.6250000000000002,2.0,1.5,1.0,0.08,0.2499999999999999,0.3,random,imitate,1.0,none,90,8,True,1.0,0.41836096948113677,1,4.0,6.0,1,300,300.0,0,26,small_world,1.5,0.3,0.2499999999999999
28,583,small_world,"{""k"": 6, ""rewiring_p"": 0.05}",300,1.6250000000000002,2.0,1.5,1.0,0.08,0.2499999999999999,0.3,random,imitate,1.0,none,90,8,True,1.0,0.47115170713154353,1,3.0,4.0,1,300,300.0,0,26,small_world,1.5,0.3,0.2499999999999999
29,584,small_world,"{""k"": 6, ""rewiring_p"": 0.05}",300,1.6250000000000002,2.0,1.5,1.0,0.08,0.2499999999999999,0.3,random,imitate,1.0,none,90,12,True,1.0,0.48403820755278604,1,7.0,8.0,1,300,300.0,0,26,small_world,1.5,0.3,0.2499999999999999
30,585,small_world,"{""k"": 6, ""rewiring_p"": 0.05}",300,1.6250000000000002,2.0,1.5,1.0,0.08,0.2499999999999999,0.3,random,imitate,1.0,none,90,11,True,1.0,0.4418025951670934,1,6.0,8.0,1,300,300.0,0,26,small_world,1.5,0.3,0.2499999999999999
31,586,small_world,"{""k"": 6, ""rewiring_p"": 0.05}",300,1.6250000000000002,2.0,1.5,1.0,0.08,0.2499999999999999,0.3,random,imitate,1.0,none,90,6,True,1.0,0.4418150830762666,1,2.0,3.0,1,300,300.0,0,26,small_world,1.5,0.3,0.2499999999999999
32,587,small_world,"{""k"": 6, ""rewiring_p"": 0.05}",300,1.6250000000000002,2.0,1.5,1.0,0.08,0.2499999999999999,0.3,random,imitate,1.0,none,90,8,True,1.0,0.44683377817644776,1,3.0,5.0,1,300,300.0,0,26,small_world,1.5,0.3,0.2499999999999999
33,588,small_world,"{""k"": 6, ""rewiring_p"": 0.05}",300,1.6250000000000002,2.0,1.5,1.0,0.08,0.2499999999999999,0.3,random,imitate,1.0,none,90,7,True,1.0,0.45342636267438075,1,2.0,4.0,1,300,300.0,0,26,small_world,1.5,0.3,0.2499999999999999
34,589,small_world,"{""k"": 6, ""rewiring_p"": 0.05}",300,1.6250000000000002,2.0,1.5,1.0,0.08,0.2499999999999999,0.3,random,imitate,1.0,none,90,12,True,1.0,0.4608818506463278,1,7.0,9.0,1,300,300.0,0,26,small_world,1.5,0.3,0.2499999999999999
35,590,small_world,"{""k"": 6, ""rewiring_p"": 0.05}",300,1.6250000000000002,2.0,1.5,1.0,0.08,0.2499999999999999,0.3,random,imitate,1.0,none,90,11,True,1.0,0.4750676266574826,1,6.0,7.0,1,300,300.0,0,26,small_world,1.5,0.3,0.2499999999999999
36,591,small_world,"{""k"": 6, ""rewiring_p"": 0.05}",300,1.6250000000000002,2.0,1.5,1.0,0.08,0.2499999999999999,0.3,random,imitate,1.0,none,90,12,True,1.0,0.5169664060334872,1,6.0,7.0,1,300,300.0,0,26,small_world,1.5,0.3,0.2499999999999999
37,592,small_world,"{""k"": 6, ""rewiring_p"": 0.05}",300,1.6250000000000002,2.0,1.5,1.0,0.08,0.2499999999999999,0.3,random,imitate,1.0,none,90,8,True,1.0,0.4864009407466264,1,2.0,4.0,1,300,300.0,0,26,small_world,1.5,0.3,0.2499999999999999
38,593,small_world,"{""k"": 6, ""rewiring_p"": 0.05}",300,1.6250000000000002,2.0,1.5,1.0,0.08,0.2499999999999999,0.3,random,imitate,1.0,none,90,11,True,1.0,0.5039083238513365,1,5.0,7.0,1,300,300.0,0,26,small_world,1.5,0.3,0.2499999999999999
39,594,small_world,"{""k"": 6, ""rewiring_p"": 0.05}",300,1.6250000000000002,2.0,1.5,1.0,0.08,0.2499999999999999,0.3,random,imitate,1.0,none,90,7,True,1.0,0.423006314061824,1,3.0,5.0,1,300,300.0,0,26,small_world,1.5,0.3,0.2499999999999999
40,595,erdos_renyi,"{""p"": 0.05}",300,1.6250000000000002,2.0,1.5,1.0,0.08,0.2499999999999999,0.3,random,imitate,1.0,none,90,3,True,0.0,0.20016746666666657,0,,,0,0,0.0,0,26,erdos_renyi,1.5,0.3,0.2499999999999999
41,596,erdos_renyi,"{""p"": 0.05}",300,1.6250000000000002,2.0,1.5,1.0,0.08,0.2499999999999999,0.3,random,imitate,1.0,none,90,2,True,0.0,0.21478933333333325,0,,,0,0,0.0,0,26,erdos_renyi,1.5,0.3,0.2499999999999999
42,597,erdos_renyi,"{""p"": 0.05}",300,1.6250000000000002,2.0,1.5,1.0,0.08,0.2499999999999999,0.3,random,imitate,1.0,none,90,2,True,0.0,0.21209066666666657,0,,,0,0,0.0,0,26,erdos_renyi,1.5,0.3,0.2499999999999999
43,598,erdos_renyi,"{""p"": 0.05}",300,1.6250000000000002,2.0,1.5,1.0,0.08,0.2499999999999999,0.3,random,imitate,1.0,none,90,2,True,0.0,0.21209066666666657,0,,,0,0,0.0,0,26,erdos_renyi,1.5,0.3,0.2499999999999999
44,599,erdos_renyi,"{""p"": 0.05}",300,1.6250000000000002,2.0,1.5,1.0,0.08,0.2499999999999999,0.3,random,imitate,1.0,none,90,2,True,0.0,0.21258133333333323,0,,,0,0,0.0,0,26,erdos_renyi,1.5,0.3,0.2499999999999999
45,600,erdos_renyi,"{""p"": 0.05}",300,1.6250000000000002,2.0,1.5,1.0,0.08,0.2499999999999999,0.3,random,imitate,1.0,none,90,2,True,0.0,0.21184533333333325,0,,,0,0,0.0,0,26,erdos_renyi,1.5,0.3,0.2499999999999999
46,601,erdos_renyi,"{""p"": 0.05}",300,1.6250000000000002,2.0,1.5,1.0,0.08,0.2499999999999999,0.3,random,imitate,1.0,none,90,2,True,0.0,0.21258133333333323,0,,,0,0,0.0,0,26,erdos_renyi,1.5,0.3,0.2499999999999999
47,602,erdos_renyi,"{""p"": 0.05}",300,1.6250000000000002,2.0,1.5,1.0,0.08,0.2499999999999999,0.3,random,imitate,1.0,none,90,2,True,0.0,0.21356266666666657,0,,,0,0,0.0,0,26,erdos_renyi,1.5,0.3,0.2499999999999999
48,603,erdos_renyi,"{""p"": 0.05}",300,1.6250000000000002,2.0,1.5,1.0,0.08,0.2499999999999999,0.3,random,imitate,1.0,none,90,2,True,0.0,0.21184533333333325,0,,,0,0,0.0,0,26,erdos_renyi,1.5,0.3,0.2499999999999999
49,604,erdos_renyi,"{""p"": 0.05}",300,1.6250000000000002,2.0,1.5,1.0,0.08,0.2499999999999999,0.3,random,imitate,1.0,none,90,61,True,0.08666666666666667,0.08768339339070409,0,,,1,26,26.0,0,26,erdos_renyi,1.5,0.3,0.2499999999999999
50,605,erdos_renyi,"{""p"": 0.05}",300,1.6250000000000002,2.0,1.5,1.0,0.08,0.2499999999999999,0.3,random,imitate,1.0,none,90,2,True,0.0,0.21552533333333324,0,,,0,0,0.0,0,26,erdos_renyi,1.5,0.3,0.2499999999999999
51,606,erdos_renyi,"{""p"": 0.05}",300,1.6250000000000002,2.0,1.5,1.0,0.08,0.2499999999999999,0.3,random,imitate,1.0,none,90,2,True,0.0,0.21356266666666657,0,,,0,0,0.0,0,26,erdos_renyi,1.5,0.3,0.2499999999999999
52,607,erdos_renyi,"{""p"": 0.05}",300,1.6250000000000002,2.0,1.5,1.0,0.08,0.2499999999999999,0.3,random,imitate,1.0,none,90,1,True,0.0,0.2299999999999999,0,,,0,0,0.0,0,26,erdos_renyi,1.5,0.3,0.2499999999999999
53,608,erdos_renyi,"{""p"": 0.05}",300,1.6250000000000002,2.0,1.5,1.0,0.08,0.2499999999999999,0.3,random,imitate,1.0,none,90,6,True,1.0,0.37407760420863995,1,3.0,4.0,1,300,300.0,0,26,erdos_renyi,1.5,0.3,0.2499999999999999
54,609,erdos_renyi,"{""p"": 0.05}",300,1.6250000000000002,2.0,1.5,1.0,0.08,0.2499999999999999,0.3,random,imitate,1.0,none,90,6,True,1.0,0.3866561244774399,1,3.0,4.0,1,300,300.0,0,26,erdos_renyi,1.5,0.3,0.2499999999999999
55,610,erdos_renyi,"{""p"": 0.05}",300,1.6250000000000002,2.0,1.5,1.0,0.08,0.2499999999999999,0.3,random,imitate,1.0,none,90,2,True,0.0,0.2130719999999999,0,,,0,0,0.0,0,26,erdos_renyi,1.5,0.3,0.2499999999999999
56,611,erdos_renyi,"{""p"": 0.05}",300,1.6250000000000002,2.0,1.5,1.0,0.08,0.2499999999999999,0.3,random,imitate,1.0,none,90,3,True,0.0,0.20010858666666656,0,,,0,0,0.0,0,26,erdos_renyi,1.5,0.3,0.2499999999999999
57,612,erdos_renyi,"{""p"": 0.05}",300,1.6250000000000002,2.0,1.5,1.0,0.08,0.2499999999999999,0.3,random,imitate,1.0,none,90,2,True,0.0,0.21405333333333326,0,,,0,0,0.0,0,26,erdos_renyi,1.5,0.3,0.2499999999999999
58,613,erdos_renyi,"{""p"": 0.05}",300,1.6250000000000002,2.0,1.5,1.0,0.08,0.2499999999999999,0.3,random,imitate,1.0,none,90,2,True,0.0,0.21209066666666657,0,,,0,0,0.0,0,26,erdos_renyi,1.5,0.3,0.2499999999999999
59,614,erdos_renyi,"{""p"": 0.05}",300,1.6250000000000002,2.0,1.5,1.0,0.08,0.2499999999999999,0.3,random,imitate,1.0,none,90,2,True,0.0,0.21209066666666657,0,,,0,0,0.0,0,26,erdos_renyi,1.5,0.3,0.2499999999999999
60,615,barabasi_albert,"{""m"": 2}",300,1.6250000000000002,2.0,1.5,1.0,0.08,0.2499999999999999,0.3,random,imitate,1.0,none,90,2,True,0.0,0.21184533333333325,0,,,0,0,0.0,0,26,barabasi_albert,1.5,0.3,0.2499999999999999
61,616,barabasi_albert,"{""m"": 2}",300,1.6250000000000002,2.0,1.5,1.0,0.08,0.2499999999999999,0.3,random,imitate,1.0,none,90,1,True,0.0,0.2299999999999999,0,,,0,0,0.0,0,26,barabasi_albert,1.5,0.3,0.2499999999999999
62,617,barabasi_albert,"{""m"": 2}",300,1.6250000000000002,2.0,1.5,1.0,0.08,0.2499999999999999,0.3,random,imitate,1.0,none,90,34,True,0.23333333333333334,0.23293023552213454,0,,,1,70,70.0,0,26,barabasi_albert,1.5,0.3,0.2499999999999999
63,618,barabasi_albert,"{""m"": 2}",300,1.6250000000000002,2.0,1.5,1.0,0.08,0.2499999999999999,0.3,random,imitate,1.0,none,90,1,True,0.0,0.2299999999999999,0,,,0,0,0.0,0,26,barabasi_albert,1.5,0.3,0.2499999999999999
64,619,barabasi_albert,"{""m"": 2}",300,1.6250000000000002,2.0,1.5,1.0,0.08,0.2499999999999999,0.3,random,imitate,1.0,none,90,62,True,0.07333333333333333,0.07434318035583719,0,,,1,22,22.0,0,26,barabasi_albert,1.5,0.3,0.2499999999999999
65,620,barabasi_albert,"{""m"": 2}",300,1.6250000000000002,2.0,1.5,1.0,0.08,0.2499999999999999,0.3,random,imitate,1.0,none,90,1,True,0.0,0.2299999999999999,0,,,0,0,0.0,0,26,barabasi_albert,1.5,0.3,0.2499999999999999
66,621,barabasi_albert,"{""m"": 2}",300,1.6250000000000002,2.0,1.5,1.0,0.08,0.2499999999999999,0.3,random,imitate,1.0,none,90,33,True,0.0,0.061787244419796376,0,,,0,0,0.0,0,26,barabasi_albert,1.5,0.3,0.2499999999999999
67,622,barabasi_albert,"{""m"": 2}",300,1.6250000000000002,2.0,1.5,1.0,0.08,0.2499999999999999,0.3,random,imitate,1.0,none,90,2,True,1.0,0.36176533333333327,1,0.0,0.0,1,300,300.0,0,26,barabasi_albert,1.5,0.3,0.2499999999999999
68,623,barabasi_albert,"{""m"": 2}",300,1.6250000000000002,2.0,1.5,1.0,0.08,0.2499999999999999,0.3,random,imitate,1.0,none,90,2,True,0.0,0.21184533333333325,0,,,0,0,0.0,0,26,barabasi_albert,1.5,0.3,0.2499999999999999
69,624,barabasi_albert,"{""m"": 2}",300,1.6250000000000002,2.0,1.5,1.0,0.08,0.2499999999999999,0.3,random,imitate,1.0,none,90,1,True,0.0,0.2299999999999999,0,,,0,0,0.0,0,26,barabasi_albert,1.5,0.3,0.2499999999999999
70,625,barabasi_albert,"{""m"": 2}",300,1.6250000000000002,2.0,1.5,1.0,0.08,0.2499999999999999,0.3,random,imitate,1.0,none,90,3,True,1.0,0.3973190399999999,1,0.0,1.0,1,300,300.0,0,26,barabasi_albert,1.5,0.3,0.2499999999999999
71,626,barabasi_albert,"{""m"": 2}",300,1.6250000000000002,2.0,1.5,1.0,0.08,0.2499999999999999,0.3,random,imitate,1.0,none,90,58,True,0.12,0.12096067523584993,0,,,1,36,36.0,0,26,barabasi_albert,1.5,0.3,0.2499999999999999
72,627,barabasi_albert,"{""m"": 2}",300,1.6250000000000002,2.0,1.5,1.0,0.08,0.2499999999999999,0.3,random,imitate,1.0,none,90,1,True,0.0,0.2299999999999999,0,,,0,0,0.0,0,26,barabasi_albert,1.5,0.3,0.2499999999999999
73,628,barabasi_albert,"{""m"": 2}",300,1.6250000000000002,2.0,1.5,1.0,0.08,0.2499999999999999,0.3,random,imitate,1.0,none,90,1,True,0.0,0.2299999999999999,0,,,0,0,0.0,0,26,barabasi_albert,1.5,0.3,0.2499999999999999
74,629,barabasi_albert,"{""m"": 2}",300,1.6250000000000002,2.0,1.5,1.0,0.08,0.2499999999999999,0.3,random,imitate,1.0,none,90,2,True,0.0,0.21184533333333325,0,,,0,0,0.0,0,26,barabasi_albert,1.5,0.3,0.2499999999999999
75,630,barabasi_albert,"{""m"": 2}",300,1.6250000000000002,2.0,1.5,1.0,0.08,0.2499999999999999,0.3,random,imitate,1.0,none,90,1,True,0.0,0.2299999999999999,0,,,0,0,0.0,0,26,barabasi_albert,1.5,0.3,0.2499999999999999
76,631,barabasi_albert,"{""m"": 2}",300,1.6250000000000002,2.0,1.5,1.0,0.08,0.2499999999999999,0.3,random,imitate,1.0,none,90,19,True,1.0,0.8031196817358273,1,2.0,2.0,1,300,300.0,0,26,barabasi_albert,1.5,0.3,0.2499999999999999
77,632,barabasi_albert,"{""m"": 2}",300,1.6250000000000002,2.0,1.5,1.0,0.08,0.2499999999999999,0.3,random,imitate,1.0,none,90,2,True,0.0,0.21282666666666655,0,,,0,0,0.0,0,26,barabasi_albert,1.5,0.3,0.2499999999999999
78,633,barabasi_albert,"{""m"": 2}",300,1.6250000000000002,2.0,1.5,1.0,0.08,0.2499999999999999,0.3,random,imitate,1.0,none,90,2,True,0.0,0.2123359999999999,0,,,0,0,0.0,0,26,barabasi_albert,1.5,0.3,0.2499999999999999
79,634,barabasi_albert,"{""m"": 2}",300,1.6250000000000002,2.0,1.5,1.0,0.08,0.2499999999999999,0.3,random,imitate,1.0,none,90,63,True,0.06333333333333334,0.06431899390513322,0,,,1,19,19.0,0,26,barabasi_albert,1.5,0.3,0.2499999999999999
80,635,grid,{},300,1.6250000000000002,2.0,1.5,1.0,0.08,0.2499999999999999,0.3999999999999999,random,imitate,1.0,none,116,6,True,1.0,0.510034175032692,1,0.0,1.0,1,289,289.0,1,33,grid,1.5,0.3999999999999999,0.2499999999999999
81,636,grid,{},300,1.6250000000000002,2.0,1.5,1.0,0.08,0.2499999999999999,0.3999999999999999,random,imitate,1.0,none,116,4,True,1.0,0.43783836124567466,1,0.0,1.0,1,289,289.0,1,33,grid,1.5,0.3999999999999999,0.2499999999999999
82,637,grid,{},300,1.6250000000000002,2.0,1.5,1.0,0.08,0.2499999999999999,0.3999999999999999,random,imitate,1.0,none,116,5,True,1.0,0.47990148756816603,1,0.0,1.0,1,289,289.0,1,33,grid,1.5,0.3999999999999999,0.2499999999999999
83,638,grid,{},300,1.6250000000000002,2.0,1.5,1.0,0.08,0.2499999999999999,0.3999999999999999,random,imitate,1.0,none,116,4,True,1.0,0.42268562380622826,1,1.0,1.0,1,289,289.0,1,33,grid,1.5,0.3999999999999999,0.2499999999999999
84,639,grid,{},300,1.6250000000000002,2.0,1.5,1.0,0.08,0.2499999999999999,0.3999999999999999,random,imitate,1.0,none,116,5,True,1.0,0.47135444231972307,1,0.0,1.0,1,289,289.0,1,33,grid,1.5,0.3999999999999999,0.2499999999999999
85,640,grid,{},300,1.6250000000000002,2.0,1.5,1.0,0.08,0.2499999999999999,0.3999999999999999,random,imitate,1.0,none,116,3,True,1.0,0.39571216608996534,1,0.0,1.0,1,289,289.0,1,33,grid,1.5,0.3999999999999999,0.2499999999999999
86,641,grid,{},300,1.6250000000000002,2.0,1.5,1.0,0.08,0.2499999999999999,0.3999999999999999,random,imitate,1.0,none,116,4,True,1.0,0.41478755432525943,1,0.0,2.0,1,289,289.0,1,33,grid,1.5,0.3999999999999999,0.2499999999999999
87,642,grid,{},300,1.6250000000000002,2.0,1.5,1.0,0.08,0.2499999999999999,0.3999999999999999,random,imitate,1.0,none,116,3,True,1.0,0.40256791695501726,1,0.0,0.0,1,289,289.0,1,33,grid,1.5,0.3999999999999999,0.2499999999999999
88,643,grid,{},300,1.6250000000000002,2.0,1.5,1.0,0.08,0.2499999999999999,0.3999999999999999,random,imitate,1.0,none,116,3,True,1.0,0.3844047612456747,1,0.0,1.0,1,289,289.0,1,33,grid,1.5,0.3999999999999999,0.2499999999999999
89,644,grid,{},300,1.6250000000000002,2.0,1.5,1.0,0.08,0.2499999999999999,0.3999999999999999,random,imitate,1.0,none,116,3,True,1.0,0.3935423667820069,1,0.0,1.0,1,289,289.0,1,33,grid,1.5,0.3999999999999999,0.2499999999999999
90,645,grid,{},300,1.6250000000000002,2.0,1.5,1.0,0.08,0.2499999999999999,0.3999999999999999,random,imitate,1.0,none,116,3,True,1.0,0.4035458546712802,1,0.0,0.0,1,289,289.0,1,33,grid,1.5,0.3999999999999999,0.2499999999999999
91,646,grid,{},300,1.6250000000000002,2.0,1.5,1.0,0.08,0.2499999999999999,0.3999999999999999,random,imitate,1.0,none,116,7,True,1.0,0.5527707462196085,1,0.0,1.0,1,289,289.0,1,33,grid,1.5,0.3999999999999999,0.2499999999999999
92,647,grid,{},300,1.6250000000000002,2.0,1.5,1.0,0.08,0.2499999999999999,0.3999999999999999,random,imitate,1.0,none,116,5,True,1.0,0.47404404812179923,1,0.0,1.0,1,289,289.0,1,33,grid,1.5,0.3999999999999999,0.2499999999999999
93,648,grid,{},300,1.6250000000000002,2.0,1.5,1.0,0.08,0.2499999999999999,0.3999999999999999,random,imitate,1.0,none,116,4,True,1.0,0.4336470831833909,1,0.0,1.0,1,289,289.0,1,33,grid,1.5,0.3999999999999999,0.2499999999999999
94,649,grid,{},300,1.6250000000000002,2.0,1.5,1.0,0.08,0.2499999999999999,0.3999999999999999,random,imitate,1.0,none,116,7,True,1.0,0.550283109878008,1,0.0,1.0,1,289,289.0,1,33,grid,1.5,0.3999999999999999,0.2499999999999999
95,650,grid,{},300,1.6250000000000002,2.0,1.5,1.0,0.08,0.2499999999999999,0.3999999999999999,random,imitate,1.0,none,116,4,True,1.0,0.43340382117647047,1,0.0,1.0,1,289,289.0,1,33,grid,1.5,0.3999999999999999,0.2499999999999999
96,651,grid,{},300,1.6250000000000002,2.0,1.5,1.0,0.08,0.2499999999999999,0.3999999999999999,random,imitate,1.0,none,116,3,True,1.0,0.3885609965397923,1,0.0,1.0,1,289,289.0,1,33,grid,1.5,0.3999999999999999,0.2499999999999999
97,652,grid,{},300,1.6250000000000002,2.0,1.5,1.0,0.08,0.2499999999999999,0.3999999999999999,random,imitate,1.0,none,116,3,True,1.0,0.3772739653979238,1,1.0,1.0,1,289,289.0,1,33,grid,1.5,0.3999999999999999,0.2499999999999999
98,653,grid,{},300,1.6250000000000002,2.0,1.5,1.0,0.08,0.2499999999999999,0.3999999999999999,random,imitate,1.0,none,116,3,True,1.0,0.38681904498269887,1,0.0,1.0,1,289,289.0,1,33,grid,1.5,0.3999999999999999,0.2499999999999999
99,654,grid,{},300,1.6250000000000002,2.0,1.5,1.0,0.08,0.2499999999999999,0.3999999999999999,random,imitate,1.0,none,116,3,True,1.0,0.40116213148788915,1,0.0,1.0,1,289,289.0,1,33,grid,1.5,0.3999999999999999,0.2499999999999999
100,655,small_world,"{""k"": 6, ""rewiring_p"": 0.05}",300,1.6250000000000002,2.0,1.5,1.0,0.08,0.2499999999999999,0.3999999999999999,random,imitate,1.0,none,120,5,True,1.0,0.40910942242133325,1,2.0,3.0,1,300,300.0,1,33,small_world,1.5,0.3999999999999999,0.2499999999999999
101,656,small_world,"{""k"": 6, ""rewiring_p"": 0.05}",300,1.6250000000000002,2.0,1.5,1.0,0.08,0.2499999999999999,0.3999999999999999,random,imitate,1.0,none,120,5,True,1.0,0.4443797985279999,1,1.0,2.0,1,300,300.0,1,33,small_world,1.5,0.3999999999999999,0.2499999999999999
102,657,small_world,"{""k"": 6, ""rewiring_p"": 0.05}",300,1.6250000000000002,2.0,1.5,1.0,0.08,0.2499999999999999,0.3999999999999999,random,imitate,1.0,none,120,5,True,1.0,0.45336653516799996,1,0.0,2.0,1,300,300.0,1,33,small_world,1.5,0.3999999999999999,0.2499999999999999
103,658,small_world,"{""k"": 6, ""rewiring_p"": 0.05}",300,1.6250000000000002,2.0,1.5,1.0,0.08,0.2499999999999999,0.3999999999999999,random,imitate,1.0,none,120,8,True,1.0,0.46874304333586975,1,3.0,5.0,1,300,300.0,1,33,small_world,1.5,0.3999999999999999,0.2499999999999999
104,659,small_world,"{""k"": 6, ""rewiring_p"": 0.05}",300,1.6250000000000002,2.0,1.5,1.0,0.08,0.2499999999999999,0.3999999999999999,random,imitate,1.0,none,120,6,True,1.0,0.4722467730090666,1,1.0,3.0,1,300,300.0,1,33,small_world,1.5,0.3999999999999999,0.2499999999999999
105,660,small_world,"{""k"": 6, ""rewiring_p"": 0.05}",300,1.6250000000000002,2.0,1.5,1.0,0.08,0.2499999999999999,0.3999999999999999,random,imitate,1.0,none,120,5,True,1.0,0.42981433105066663,1,1.0,3.0,1,300,300.0,1,33,small_world,1.5,0.3999999999999999,0.2499999999999999
106,661,small_world,"{""k"": 6, ""rewiring_p"": 0.05}",300,1.6250000000000002,2.0,1.5,1.0,0.08,0.2499999999999999,0.3999999999999999,random,imitate,1.0,none,120,7,True,1.0,0.5183556737264298,1,1.0,2.0,1,300,300.0,1,33,small_world,1.5,0.3999999999999999,0.2499999999999999
107,662,small_world,"{""k"": 6, ""rewiring_p"": 0.05}",300,1.6250000000000002,2.0,1.5,1.0,0.08,0.2499999999999999,0.3999999999999999,random,imitate,1.0,none,120,5,True,1.0,0.454611493888,1,1.0,2.0,1,300,300.0,1,33,small_world,1.5,0.3999999999999999,0.2499999999999999
108,663,small_world,"{""k"": 6, ""rewiring_p"": 0.05}",300,1.6250000000000002,2.0,1.5,1.0,0.08,0.2499999999999999,0.3999999999999999,random,imitate,1.0,none,120,8,True,1.0,0.5195328291480753,1,2.0,3.0,1,300,300.0,1,33,small_world,1.5,0.3999999999999999,0.2499999999999999
109,664,small_world,"{""k"": 6, ""rewiring_p"": 0.05}",300,1.6250000000000002,2.0,1.5,1.0,0.08,0.2499999999999999,0.3999999999999999,random,imitate,1.0,none,120,5,True,1.0,0.46886965486933324,1,0.0,1.0,1,300,300.0,1,33,small_world,1.5,0.3999999999999999,0.2499999999999999
110,665,small_world,"{""k"": 6, ""rewiring_p"": 0.05}",300,1.6250000000000002,2.0,1.5,1.0,0.08,0.2499999999999999,0.3999999999999999,random,imitate,1.0,none,120,5,True,1.0,0.43134569779199994,1,1.0,3.0,1,300,300.0,1,33,small_world,1.5,0.3999999999999999,0.2499999999999999
111,666,small_world,"{""k"": 6, ""rewiring_p"": 0.05}",300,1.6250000000000002,2.0,1.5,1.0,0.08,0.2499999999999999,0.3999999999999999,random,imitate,1.0,none,120,7,True,1.0,0.478658665656593,1,2.0,4.0,1,300,300.0,1,33,small_world,1.5,0.3999999999999999,0.2499999999999999
112,667,small_world,"{""k"": 6, ""rewiring_p"": 0.05}",300,1.6250000000000002,2.0,1.5,1.0,0.08,0.2499999999999999,0.3999999999999999,random,imitate,1.0,none,120,6,True,1.0,0.47293788729343994,1,1.0,3.0,1,300,300.0,1,33,small_world,1.5,0.3999999999999999,0.2499999999999999
113,668,small_world,"{""k"": 6, ""rewiring_p"": 0.05}",300,1.6250000000000002,2.0,1.5,1.0,0.08,0.2499999999999999,0.3999999999999999,random,imitate,1.0,none,120,6,True,1.0,0.4853102584763733,1,1.0,2.0,1,300,300.0,1,33,small_world,1.5,0.3999999999999999,0.2499999999999999
114,669,small_world,"{""k"": 6, ""rewiring_p"": 0.05}",300,1.6250000000000002,2.0,1.5,1.0,0.08,0.2499999999999999,0.3999999999999999,random,imitate,1.0,none,120,4,True,1.0,0.3987619925333332,1,1.0,2.0,1,300,300.0,1,33,small_world,1.5,0.3999999999999999,0.2499999999999999
115,670,small_world,"{""k"": 6, ""rewiring_p"": 0.05}",300,1.6250000000000002,2.0,1.5,1.0,0.08,0.2499999999999999,0.3999999999999999,random,imitate,1.0,none,120,5,True,1.0,0.4309221072213333,1,1.0,2.0,1,300,300.0,1,33,small_world,1.5,0.3999999999999999,0.2499999999999999
116,671,small_world,"{""k"": 6, ""rewiring_p"": 0.05}",300,1.6250000000000002,2.0,1.5,1.0,0.08,0.2499999999999999,0.3999999999999999,random,imitate,1.0,none,120,6,True,1.0,0.47411985917269334,1,1.0,2.0,1,300,300.0,1,33,small_world,1.5,0.3999999999999999,0.2499999999999999
117,672,small_world,"{""k"": 6, ""rewiring_p"": 0.05}",300,1.6250000000000002,2.0,1.5,1.0,0.08,0.2499999999999999,0.3999999999999999,random,imitate,1.0,none,120,6,True,1.0,0.4728272324607999,1,1.0,2.0,1,300,300.0,1,33,small_world,1.5,0.3999999999999999,0.2499999999999999
118,673,small_world,"{""k"": 6, ""rewiring_p"": 0.05}",300,1.6250000000000002,2.0,1.5,1.0,0.08,0.2499999999999999,0.3999999999999999,random,imitate,1.0,none,120,7,True,1.0,0.4728325188359509,1,2.0,4.0,1,300,300.0,1,33,small_world,1.5,0.3999999999999999,0.2499999999999999
119,674,small_world,"{""k"": 6, ""rewiring_p"": 0.05}",300,1.6250000000000002,2.0,1.5,1.0,0.08,0.2499999999999999,0.3999999999999999,random,imitate,1.0,none,120,6,True,1.0,0.4647482256998399,1,1.0,3.0,1,300,300.0,1,33,small_world,1.5,0.3999999999999999,0.2499999999999999
120,675,erdos_renyi,"{""p"": 0.05}",300,1.6250000000000002,2.0,1.5,1.0,0.08,0.2499999999999999,0.3999999999999999,random,imitate,1.0,none,120,9,True,1.0,0.3576370776369135,1,6.0,7.0,1,300,300.0,1,33,erdos_renyi,1.5,0.3999999999999999,0.2499999999999999
121,676,erdos_renyi,"{""p"": 0.05}",300,1.6250000000000002,2.0,1.5,1.0,0.08,0.2499999999999999,0.3999999999999999,random,imitate,1.0,none,120,2,True,0.0,0.2160159999999999,0,,,0,0,0.0,1,33,erdos_renyi,1.5,0.3999999999999999,0.2499999999999999
122,677,erdos_renyi,"{""p"": 0.05}",300,1.6250000000000002,2.0,1.5,1.0,0.08,0.2499999999999999,0.3999999999999999,random,imitate,1.0,none,120,5,True,1.0,0.3857483663359999,1,2.0,3.0,1,300,300.0,1,33,erdos_renyi,1.5,0.3999999999999999,0.2499999999999999
123,678,erdos_renyi,"{""p"": 0.05}",300,1.6250000000000002,2.0,1.5,1.0,0.08,0.2499999999999999,0.3999999999999999,random,imitate,1.0,none,120,7,True,1.0,0.37345780146121377,1,5.0,6.0,1,300,300.0,1,33,erdos_renyi,1.5,0.3999999999999999,0.2499999999999999
124,679,erdos_renyi,"{""p"": 0.05}",300,1.6250000000000002,2.0,1.5,1.0,0.08,0.2499999999999999,0.3999999999999999,random,imitate,1.0,none,120,63,True,0.07333333333333333,0.07434082717386879,0,,,1,22,22.0,1,33,erdos_renyi,1.5,0.3999999999999999,0.2499999999999999
125,680,erdos_renyi,"{""p"": 0.05}",300,1.6250000000000002,2.0,1.5,1.0,0.08,0.2499999999999999,0.3999999999999999,random,imitate,1.0,none,120,59,True,0.12333333333333334,0.12429930836342445,0,,,1,37,37.0,1,33,erdos_renyi,1.5,0.3999999999999999,0.2499999999999999
126,681,erdos_renyi,"{""p"": 0.05}",300,1.6250000000000002,2.0,1.5,1.0,0.08,0.2499999999999999,0.3999999999999999,random,imitate,1.0,none,120,5,True,1.0,0.3500814059519999,1,3.0,4.0,1,300,300.0,1,33,erdos_renyi,1.5,0.3999999999999999,0.2499999999999999
127,682,erdos_renyi,"{""p"": 0.05}",300,1.6250000000000002,2.0,1.5,1.0,0.08,0.2499999999999999,0.3999999999999999,random,imitate,1.0,none,120,3,True,0.0,0.20389653333333324,0,,,0,0,0.0,1,33,erdos_renyi,1.5,0.3999999999999999,0.2499999999999999
128,683,erdos_renyi,"{""p"": 0.05}",300,1.6250000000000002,2.0,1.5,1.0,0.08,0.2499999999999999,0.3999999999999999,random,imitate,1.0,none,120,59,True,0.12666666666666668,0.12765945277362692,0,,,1,38,38.0,1,33,erdos_renyi,1.5,0.3999999999999999,0.2499999999999999
129,684,erdos_renyi,"{""p"": 0.05}",300,1.6250000000000002,2.0,1.5,1.0,0.08,0.2499999999999999,0.3999999999999999,random,imitate,1.0,none,120,5,True,1.0,0.4024299182079999,1,2.0,3.0,1,300,300.0,1,33,erdos_renyi,1.5,0.3999999999999999,0.2499999999999999
130,685,erdos_renyi,"{""p"": 0.05}",300,1.6250000000000002,2.0,1.5,1.0,0.08,0.2499999999999999,0.3999999999999999,random,imitate,1.0,none,120,3,True,1.0,0.3929226666666666,1,0.0,1.0,1,300,300.0,1,33,erdos_renyi,1.5,0.3999999999999999,0.2499999999999999
131,686,erdos_renyi,"{""p"": 0.05}",300,1.6250000000000002,2.0,1.5,1.0,0.08,0.2499999999999999,0.3999999999999999,random,imitate,1.0,none,120,5,True,1.0,0.40185306692266665,1,2.0,3.0,1,300,300.0,1,33,erdos_renyi,1.5,0.3999999999999999,0.2499999999999999
132,687,erdos_renyi,"{""p"": 0.05}",300,1.6250000000000002,2.0,1.5,1.0,0.08,0.2499999999999999,0.3999999999999999,random,imitate,1.0,none,120,33,True,0.25333333333333335,0.25339969317174965,0,,,1,76,76.0,1,33,erdos_renyi,1.5,0.3999999999999999,0.2499999999999999
133,688,erdos_renyi,"{""p"": 0.05}",300,1.6250000000000002,2.0,1.5,1.0,0.08,0.2499999999999999,0.3999999999999999,random,imitate,1.0,none,120,4,True,1.0,0.40151443626666655,1,1.0,2.0,1,300,300.0,1,33,erdos_renyi,1.5,0.3999999999999999,0.2499999999999999
134,689,erdos_renyi,"{""p"": 0.05}",300,1.6250000000000002,2.0,1.5,1.0,0.08,0.2499999999999999,0.3999999999999999,random,imitate,1.0,none,120,62,True,0.08,0.08100791210644752,0,,,1,24,24.0,1,33,erdos_renyi,1.5,0.3999999999999999,0.2499999999999999
135,690,erdos_renyi,"{""p"": 0.05}",300,1.6250000000000002,2.0,1.5,1.0,0.08,0.2499999999999999,0.3999999999999999,random,imitate,1.0,none,120,3,True,1.0,0.3663383466666666,1,1.0,1.0,1,300,300.0,1,33,erdos_renyi,1.5,0.3999999999999999,0.2499999999999999
136,691,erdos_renyi,"{""p"": 0.05}",300,1.6250000000000002,2.0,1.5,1.0,0.08,0.2499999999999999,0.3999999999999999,random,imitate,1.0,none,120,3,True,0.0,0.2075569066666666,0,,,0,0,0.0,1,33,erdos_renyi,1.5,0.3999999999999999,0.2499999999999999
137,692,erdos_renyi,"{""p"": 0.05}",300,1.6250000000000002,2.0,1.5,1.0,0.08,0.2499999999999999,0.3999999999999999,random,imitate,1.0,none,120,3,True,0.0,0.20474047999999992,0,,,0,0,0.0,1,33,erdos_renyi,1.5,0.3999999999999999,0.2499999999999999
138,693,erdos_renyi,"{""p"": 0.05}",300,1.6250000000000002,2.0,1.5,1.0,0.08,0.2499999999999999,0.3999999999999999,random,imitate,1.0,none,120,57,True,0.14,0.14099452147707714,0,,,1,42,42.0,1,33,erdos_renyi,1.5,0.3999999999999999,0.2499999999999999
139,694,erdos_renyi,"{""p"": 0.05}",300,1.6250000000000002,2.0,1.5,1.0,0.08,0.2499999999999999,0.3999999999999999,random,imitate,1.0,none,120,6,True,1.0,0.3952975856571732,1,3.0,4.0,1,300,300.0,1,33,erdos_renyi,1.5,0.3999999999999999,0.2499999999999999
140,695,barabasi_albert,"{""m"": 2}",300,1.6250000000000002,2.0,1.5,1.0,0.08,0.2499999999999999,0.3999999999999999,random,imitate,1.0,none,120,2,True,0.0,0.21209066666666657,0,,,0,0,0.0,1,33,barabasi_albert,1.5,0.3999999999999999,0.2499999999999999
141,696,barabasi_albert,"{""m"": 2}",300,1.6250000000000002,2.0,1.5,1.0,0.08,0.2499999999999999,0.3999999999999999,random,imitate,1.0,none,120,2,True,1.0,0.3571039999999999,1,0.0,0.0,1,300,300.0,1,33,barabasi_albert,1.5,0.3999999999999999,0.2499999999999999
142,697,barabasi_albert,"{""m"": 2}",300,1.6250000000000002,2.0,1.5,1.0,0.08,0.2499999999999999,0.3999999999999999,random,imitate,1.0,none,120,1,True,0.0,0.2299999999999999,0,,,0,0,0.0,1,33,barabasi_albert,1.5,0.3999999999999999,0.2499999999999999
143,698,barabasi_albert,"{""m"": 2}",300,1.6250000000000002,2.0,1.5,1.0,0.08,0.2499999999999999,0.3999999999999999,random,imitate,1.0,none,120,12,True,0.0,0.10296326916062287,0,,,0,0,0.0,1,33,barabasi_albert,1.5,0.3999999999999999,0.2499999999999999
144,699,barabasi_albert,"{""m"": 2}",300,1.6250000000000002,2.0,1.5,1.0,0.08,0.2499999999999999,0.3999999999999999,random,imitate,1.0,none,120,65,True,0.03666666666666667,0.0376099141124219,0,,,1,11,11.0,1,33,barabasi_albert,1.5,0.3999999999999999,0.2499999999999999
145,700,barabasi_albert,"{""m"": 2}",300,1.6250000000000002,2.0,1.5,1.0,0.08,0.2499999999999999,0.3999999999999999,random,imitate,1.0,none,120,62,True,0.07333333333333333,0.07434304949194931,0,,,1,22,22.0,1,33,barabasi_albert,1.5,0.3999999999999999,0.2499999999999999
146,701,barabasi_albert,"{""m"": 2}",300,1.6250000000000002,2.0,1.5,1.0,0.08,0.2499999999999999,0.3999999999999999,random,imitate,1.0,none,120,63,True,0.056666666666666664,0.05767975431524706,0,,,1,17,17.0,1,33,barabasi_albert,1.5,0.3999999999999999,0.2499999999999999
147,702,barabasi_albert,"{""m"": 2}",300,1.6250000000000002,2.0,1.5,1.0,0.08,0.2499999999999999,0.3999999999999999,random,imitate,1.0,none,120,2,True,0.0,0.21184533333333325,0,,,0,0,0.0,1,33,barabasi_albert,1.5,0.3999999999999999,0.2499999999999999
148,703,barabasi_albert,"{""m"": 2}",300,1.6250000000000002,2.0,1.5,1.0,0.08,0.2499999999999999,0.3999999999999999,random,imitate,1.0,none,120,52,True,0.17,0.1710244993591013,0,,,1,51,51.0,1,33,barabasi_albert,1.5,0.3999999999999999,0.2499999999999999
149,704,barabasi_albert,"{""m"": 2}",300,1.6250000000000002,2.0,1.5,1.0,0.08,0.2499999999999999,0.3999999999999999,random,imitate,1.0,none,120,2,True,0.0,0.2138079999999999,0,,,0,0,0.0,1,33,barabasi_albert,1.5,0.3999999999999999,0.2499999999999999
150,705,barabasi_albert,"{""m"": 2}",300,1.6250000000000002,2.0,1.5,1.0,0.08,0.2499999999999999,0.3999999999999999,random,imitate,1.0,none,120,2,True,1.0,0.3585759999999999,1,0.0,0.0,1,300,300.0,1,33,barabasi_albert,1.5,0.3999999999999999,0.2499999999999999
151,706,barabasi_albert,"{""m"": 2}",300,1.6250000000000002,2.0,1.5,1.0,0.08,0.2499999999999999,0.3999999999999999,random,imitate,1.0,none,120,2,True,0.0,0.21209066666666657,0,,,0,0,0.0,1,33,barabasi_albert,1.5,0.3999999999999999,0.2499999999999999
152,707,barabasi_albert,"{""m"": 2}",300,1.6250000000000002,2.0,1.5,1.0,0.08,0.2499999999999999,0.3999999999999999,random,imitate,1.0,none,120,64,True,0.05333333333333334,0.05428117486719369,0,,,1,16,16.0,1,33,barabasi_albert,1.5,0.3999999999999999,0.2499999999999999
153,708,barabasi_albert,"{""m"": 2}",300,1.6250000000000002,2.0,1.5,1.0,0.08,0.2499999999999999,0.3999999999999999,random,imitate,1.0,none,120,1,True,0.0,0.2299999999999999,0,,,0,0,0.0,1,33,barabasi_albert,1.5,0.3999999999999999,0.2499999999999999
154,709,barabasi_albert,"{""m"": 2}",300,1.6250000000000002,2.0,1.5,1.0,0.08,0.2499999999999999,0.3999999999999999,random,imitate,1.0,none,120,2,True,0.0,0.21282666666666655,0,,,0,0,0.0,1,33,barabasi_albert,1.5,0.3999999999999999,0.2499999999999999
155,710,barabasi_albert,"{""m"": 2}",300,1.6250000000000002,2.0,1.5,1.0,0.08,0.2499999999999999,0.3999999999999999,random,imitate,1.0,none,120,4,True,1.0,0.4589342122666666,1,0.0,0.0,1,300,300.0,1,33,barabasi_albert,1.5,0.3999999999999999,0.2499999999999999
156,711,barabasi_albert,"{""m"": 2}",300,1.6250000000000002,2.0,1.5,1.0,0.08,0.2499999999999999,0.3999999999999999,random,imitate,1.0,none,120,2,True,1.0,0.3526879999999999,1,0.0,0.0,1,300,300.0,1,33,barabasi_albert,1.5,0.3999999999999999,0.2499999999999999
157,712,barabasi_albert,"{""m"": 2}",300,1.6250000000000002,2.0,1.5,1.0,0.08,0.2499999999999999,0.3999999999999999,random,imitate,1.0,none,120,9,True,1.0,0.6175493059044346,1,0.0,0.0,1,300,300.0,1,33,barabasi_albert,1.5,0.3999999999999999,0.2499999999999999
158,713,barabasi_albert,"{""m"": 2}",300,1.6250000000000002,2.0,1.5,1.0,0.08,0.2499999999999999,0.3999999999999999,random,imitate,1.0,none,120,4,True,1.0,0.39141612373333323,1,1.0,2.0,1,300,300.0,1,33,barabasi_albert,1.5,0.3999999999999999,0.2499999999999999
159,714,barabasi_albert,"{""m"": 2}",300,1.6250000000000002,2.0,1.5,1.0,0.08,0.2499999999999999,0.3999999999999999,random,imitate,1.0,none,120,1,True,0.0,0.2299999999999999,0,,,0,0,0.0,1,33,barabasi_albert,1.5,0.3999999999999999,0.2499999999999999
160,715,grid,{},300,1.775,2.0,1.5,1.0,0.08,0.15,0.3,random,imitate,1.0,none,87,8,True,1.0,0.5122975978738012,1,1.0,2.0,1,289,289.0,2,24,grid,1.5,0.3,0.15
161,716,grid,{},300,1.775,2.0,1.5,1.0,0.08,0.15,0.3,random,imitate,1.0,none,87,10,True,1.0,0.5486162146767066,1,2.0,3.0,1,289,289.0,2,24,grid,1.5,0.3,0.15
162,717,grid,{},300,1.775,2.0,1.5,1.0,0.08,0.15,0.3,random,imitate,1.0,none,87,10,True,1.0,0.555964813868849,1,1.0,3.0,1,289,289.0,2,24,grid,1.5,0.3,0.15
163,718,grid,{},300,1.775,2.0,1.5,1.0,0.08,0.15,0.3,random,imitate,1.0,none,87,13,True,1.0,0.6291230988103097,1,1.0,4.0,1,289,289.0,2,24,grid,1.5,0.3,0.15
164,719,grid,{},300,1.775,2.0,1.5,1.0,0.08,0.15,0.3,random,imitate,1.0,none,87,7,True,1.0,0.4094117545554274,1,2.0,5.0,1,289,289.0,2,24,grid,1.5,0.3,0.15
165,720,grid,{},300,1.775,2.0,1.5,1.0,0.08,0.15,0.3,random,imitate,1.0,none,87,8,True,1.0,0.4726392729708362,1,1.0,4.0,1,289,289.0,2,24,grid,1.5,0.3,0.15
166,721,grid,{},300,1.775,2.0,1.5,1.0,0.08,0.15,0.3,random,imitate,1.0,none,87,4,True,1.0,0.3346560916816609,1,1.0,1.0,1,289,289.0,2,24,grid,1.5,0.3,0.15
167,722,grid,{},300,1.775,2.0,1.5,1.0,0.08,0.15,0.3,random,imitate,1.0,none,87,3,True,1.0,0.31839345605536334,1,0.0,1.0,1,289,289.0,2,24,grid,1.5,0.3,0.15
168,723,grid,{},300,1.775,2.0,1.5,1.0,0.08,0.15,0.3,random,imitate,1.0,none,87,9,True,1.0,0.4808108381240727,1,2.0,5.0,1,289,289.0,2,24,grid,1.5,0.3,0.15
169,724,grid,{},300,1.775,2.0,1.5,1.0,0.08,0.15,0.3,random,imitate,1.0,none,87,4,True,1.0,0.3448702436539792,1,1.0,1.0,1,289,289.0,2,24,grid,1.5,0.3,0.15
170,725,grid,{},300,1.775,2.0,1.5,1.0,0.08,0.15,0.3,random,imitate,1.0,none,87,5,True,1.0,0.37681600612982696,1,1.0,2.0,1,289,289.0,2,24,grid,1.5,0.3,0.15
171,726,grid,{},300,1.775,2.0,1.5,1.0,0.08,0.15,0.3,random,imitate,1.0,none,87,8,True,1.0,0.5015843876896621,1,1.0,2.0,1,289,289.0,2,24,grid,1.5,0.3,0.15
172,727,grid,{},300,1.775,2.0,1.5,1.0,0.08,0.15,0.3,random,imitate,1.0,none,87,4,True,1.0,0.33276092988235295,1,1.0,2.0,1,289,289.0,2,24,grid,1.5,0.3,0.15
173,728,grid,{},300,1.775,2.0,1.5,1.0,0.08,0.15,0.3,random,imitate,1.0,none,87,9,True,1.0,0.46889474025205446,1,2.0,5.0,1,289,289.0,2,24,grid,1.5,0.3,0.15
174,729,grid,{},300,1.775,2.0,1.5,1.0,0.08,0.15,0.3,random,imitate,1.0,none,87,12,True,1.0,0.5696161862856085,1,1.0,6.0,1,289,289.0,2,24,grid,1.5,0.3,0.15
175,730,grid,{},300,1.775,2.0,1.5,1.0,0.08,0.15,0.3,random,imitate,1.0,none,87,3,True,1.0,0.28771066020761243,1,1.0,1.0,1,289,289.0,2,24,grid,1.5,0.3,0.15
176,731,grid,{},300,1.775,2.0,1.5,1.0,0.08,0.15,0.3,random,imitate,1.0,none,87,9,True,1.0,0.5159295706714019,1,1.0,3.0,1,289,289.0,2,24,grid,1.5,0.3,0.15
177,732,grid,{},300,1.775,2.0,1.5,1.0,0.08,0.15,0.3,random,imitate,1.0,none,87,7,True,1.0,0.45314095426716616,1,1.0,2.0,1,289,289.0,2,24,grid,1.5,0.3,0.15
178,733,grid,{},300,1.775,2.0,1.5,1.0,0.08,0.15,0.3,random,imitate,1.0,none,87,9,True,1.0,0.5181494075054806,1,1.0,3.0,1,289,289.0,2,24,grid,1.5,0.3,0.15
179,734,grid,{},300,1.775,2.0,1.5,1.0,0.08,0.15,0.3,random,imitate,1.0,none,87,10,True,1.0,0.5622385394439137,1,1.0,3.0,1,289,289.0,2,24,grid,1.5,0.3,0.15
180,735,small_world,"{""k"": 6, ""rewiring_p"": 0.05}",300,1.775,2.0,1.5,1.0,0.08,0.15,0.3,random,imitate,1.0,none,90,11,True,1.0,0.4757010713160183,1,4.0,6.0,1,300,300.0,2,24,small_world,1.5,0.3,0.15
181,736,small_world,"{""k"": 6, ""rewiring_p"": 0.05}",300,1.775,2.0,1.5,1.0,0.08,0.15,0.3,random,imitate,1.0,none,90,8,True,1.0,0.3920422409862513,1,3.0,5.0,1,300,300.0,2,24,small_world,1.5,0.3,0.15
182,737,small_world,"{""k"": 6, ""rewiring_p"": 0.05}",300,1.775,2.0,1.5,1.0,0.08,0.15,0.3,random,imitate,1.0,none,90,9,True,1.0,0.4272407403744138,1,4.0,6.0,1,300,300.0,2,24,small_world,1.5,0.3,0.15
183,738,small_world,"{""k"": 6, ""rewiring_p"": 0.05}",300,1.775,2.0,1.5,1.0,0.08,0.15,0.3,random,imitate,1.0,none,90,8,True,1.0,0.36130987647506835,1,4.0,5.0,1,300,300.0,2,24,small_world,1.5,0.3,0.15
184,739,small_world,"{""k"": 6, ""rewiring_p"": 0.05}",300,1.775,2.0,1.5,1.0,0.08,0.15,0.3,random,imitate,1.0,none,90,8,True,1.0,0.40908522452626095,1,3.0,5.0,1,300,300.0,2,24,small_world,1.5,0.3,0.15
185,740,small_world,"{""k"": 6, ""rewiring_p"": 0.05}",300,1.775,2.0,1.5,1.0,0.08,0.15,0.3,random,imitate,1.0,none,90,7,True,1.0,0.40901288110271145,1,2.0,3.0,1,300,300.0,2,24,small_world,1.5,0.3,0.15
186,741,small_world,"{""k"": 6, ""rewiring_p"": 0.05}",300,1.775,2.0,1.5,1.0,0.08,0.15,0.3,random,imitate,1.0,none,90,10,True,1.0,0.4462912162685553,1,4.0,6.0,1,300,300.0,2,24,small_world,1.5,0.3,0.15
187,742,small_world,"{""k"": 6, ""rewiring_p"": 0.05}",300,1.775,2.0,1.5,1.0,0.08,0.15,0.3,random,imitate,1.0,none,90,9,True,1.0,0.42644950909521234,1,4.0,5.0,1,300,300.0,2,24,small_world,1.5,0.3,0.15
188,743,small_world,"{""k"": 6, ""rewiring_p"": 0.05}",300,1.775,2.0,1.5,1.0,0.08,0.15,0.3,random,imitate,1.0,none,90,9,True,1.0,0.4073644561730537,1,4.0,6.0,1,300,300.0,2,24,small_world,1.5,0.3,0.15
189,744,small_world,"{""k"": 6, ""rewiring_p"": 0.05}",300,1.775,2.0,1.5,1.0,0.08,0.15,0.3,random,imitate,1.0,none,90,7,True,1.0,0.37023276254221654,1,3.0,5.0,1,300,300.0,2,24,small_world,1.5,0.3,0.15
190,745,small_world,"{""k"": 6, ""rewiring_p"": 0.05}",300,1.775,2.0,1.5,1.0,0.08,0.15,0.3,random,imitate,1.0,none,90,13,True,1.0,0.41358711729236675,1,8.0,10.0,1,300,300.0,2,24,small_world,1.5,0.3,0.15
191,746,small_world,"{""k"": 6, ""rewiring_p"": 0.05}",300,1.775,2.0,1.5,1.0,0.08,0.15,0.3,random,imitate,1.0,none,90,8,True,1.0,0.42780814409350076,1,3.0,4.0,1,300,300.0,2,24,small_world,1.5,0.3,0.15
192,747,small_world,"{""k"": 6, ""rewiring_p"": 0.05}",300,1.775,2.0,1.5,1.0,0.08,0.15,0.3,random,imitate,1.0,none,90,8,True,1.0,0.423275406533176,1,3.0,4.0,1,300,300.0,2,24,small_world,1.5,0.3,0.15
193,748,small_world,"{""k"": 6, ""rewiring_p"": 0.05}",300,1.775,2.0,1.5,1.0,0.08,0.15,0.3,random,imitate,1.0,none,90,16,True,1.0,0.42616457783143014,1,11.0,13.0,1,300,300.0,2,24,small_world,1.5,0.3,0.15
194,749,small_world,"{""k"": 6, ""rewiring_p"": 0.05}",300,1.775,2.0,1.5,1.0,0.08,0.15,0.3,random,imitate,1.0,none,90,9,True,1.0,0.4148021519497918,1,4.0,6.0,1,300,300.0,2,24,small_world,1.5,0.3,0.15
195,750,small_world,"{""k"": 6, ""rewiring_p"": 0.05}",300,1.775,2.0,1.5,1.0,0.08,0.15,0.3,random,imitate,1.0,none,90,8,True,1.0,0.4129358790895643,1,3.0,5.0,1,300,300.0,2,24,small_world,1.5,0.3,0.15
196,751,small_world,"{""k"": 6, ""rewiring_p"": 0.05}",300,1.775,2.0,1.5,1.0,0.08,0.15,0.3,random,imitate,1.0,none,90,8,True,1.0,0.41559647952710316,1,3.0,5.0,1,300,300.0,2,24,small_world,1.5,0.3,0.15
197,752,small_world,"{""k"": 6, ""rewiring_p"": 0.05}",300,1.775,2.0,1.5,1.0,0.08,0.15,0.3,random,imitate,1.0,none,90,6,True,1.0,0.3879741722760533,1,2.0,3.0,1,300,300.0,2,24,small_world,1.5,0.3,0.15
198,753,small_world,"{""k"": 6, ""rewiring_p"": 0.05}",300,1.775,2.0,1.5,1.0,0.08,0.15,0.3,random,imitate,1.0,none,90,7,True,1.0,0.3642744577998848,1,3.0,5.0,1,300,300.0,2,24,small_world,1.5,0.3,0.15
199,754,small_world,"{""k"": 6, ""rewiring_p"": 0.05}",300,1.775,2.0,1.5,1.0,0.08,0.15,0.3,random,imitate,1.0,none,90,13,True,1.0,0.4838878732237807,1,6.0,8.0,1,300,300.0,2,24,small_world,1.5,0.3,0.15
200,755,erdos_renyi,"{""p"": 0.05}",300,1.775,2.0,1.5,1.0,0.08,0.15,0.3,random,imitate,1.0,none,90,2,True,0.0,0.12818666666666667,0,,,0,0,0.0,2,24,erdos_renyi,1.5,0.3,0.15
201,756,erdos_renyi,"{""p"": 0.05}",300,1.775,2.0,1.5,1.0,0.08,0.15,0.3,random,imitate,1.0,none,90,1,True,0.0,0.13799999999999998,0,,,0,0,0.0,2,24,erdos_renyi,1.5,0.3,0.15
202,757,erdos_renyi,"{""p"": 0.05}",300,1.775,2.0,1.5,1.0,0.08,0.15,0.3,random,imitate,1.0,none,90,2,True,0.0,0.12867733333333334,0,,,0,0,0.0,2,24,erdos_renyi,1.5,0.3,0.15
203,758,erdos_renyi,"{""p"": 0.05}",300,1.775,2.0,1.5,1.0,0.08,0.15,0.3,random,imitate,1.0,none,90,2,True,0.0,0.12941333333333332,0,,,0,0,0.0,2,24,erdos_renyi,1.5,0.3,0.15
204,759,erdos_renyi,"{""p"": 0.05}",300,1.775,2.0,1.5,1.0,0.08,0.15,0.3,random,imitate,1.0,none,90,2,True,0.0,0.12818666666666667,0,,,0,0,0.0,2,24,erdos_renyi,1.5,0.3,0.15
205,760,erdos_renyi,"{""p"": 0.05}",300,1.775,2.0,1.5,1.0,0.08,0.15,0.3,random,imitate,1.0,none,90,2,True,0.0,0.12965866666666667,0,,,0,0,0.0,2,24,erdos_renyi,1.5,0.3,0.15
206,761,erdos_renyi,"{""p"": 0.05}",300,1.775,2.0,1.5,1.0,0.08,0.15,0.3,random,imitate,1.0,none,90,6,True,1.0,0.2837703605589333,1,4.0,5.0,1,300,300.0,2,24,erdos_renyi,1.5,0.3,0.15
207,762,erdos_renyi,"{""p"": 0.05}",300,1.775,2.0,1.5,1.0,0.08,0.15,0.3,random,imitate,1.0,none,90,1,True,0.0,0.13799999999999998,0,,,0,0,0.0,2,24,erdos_renyi,1.5,0.3,0.15
208,763,erdos_renyi,"{""p"": 0.05}",300,1.775,2.0,1.5,1.0,0.08,0.15,0.3,random,imitate,1.0,none,90,2,True,0.0,0.12794133333333335,0,,,0,0,0.0,2,24,erdos_renyi,1.5,0.3,0.15
209,764,erdos_renyi,"{""p"": 0.05}",300,1.775,2.0,1.5,1.0,0.08,0.15,0.3,random,imitate,1.0,none,90,2,True,0.0,0.1272053333333333,0,,,0,0,0.0,2,24,erdos_renyi,1.5,0.3,0.15
210,765,erdos_renyi,"{""p"": 0.05}",300,1.775,2.0,1.5,1.0,0.08,0.15,0.3,random,imitate,1.0,none,90,2,True,0.0,0.1272053333333333,0,,,0,0,0.0,2,24,erdos_renyi,1.5,0.3,0.15
211,766,erdos_renyi,"{""p"": 0.05}",300,1.775,2.0,1.5,1.0,0.08,0.15,0.3,random,imitate,1.0,none,90,2,True,0.0,0.128432,0,,,0,0,0.0,2,24,erdos_renyi,1.5,0.3,0.15
212,767,erdos_renyi,"{""p"": 0.05}",300,1.775,2.0,1.5,1.0,0.08,0.15,0.3,random,imitate,1.0,none,90,53,True,0.07,0.07097398378683774,0,,,1,21,21.0,2,24,erdos_renyi,1.5,0.3,0.15
213,768,erdos_renyi,"{""p"": 0.05}",300,1.775,2.0,1.5,1.0,0.08,0.15,0.3,random,imitate,1.0,none,90,2,True,0.0,0.127696,0,,,0,0,0.0,2,24,erdos_renyi,1.5,0.3,0.15
214,769,erdos_renyi,"{""p"": 0.05}",300,1.775,2.0,1.5,1.0,0.08,0.15,0.3,random,imitate,1.0,none,90,1,True,0.0,0.13799999999999998,0,,,0,0,0.0,2,24,erdos_renyi,1.5,0.3,0.15
215,770,erdos_renyi,"{""p"": 0.05}",300,1.775,2.0,1.5,1.0,0.08,0.15,0.3,random,imitate,1.0,none,90,1,True,0.0,0.13799999999999998,0,,,0,0,0.0,2,24,erdos_renyi,1.5,0.3,0.15
216,771,erdos_renyi,"{""p"": 0.05}",300,1.775,2.0,1.5,1.0,0.08,0.15,0.3,random,imitate,1.0,none,90,52,True,0.08,0.08095809662286328,0,,,1,24,24.0,2,24,erdos_renyi,1.5,0.3,0.15
217,772,erdos_renyi,"{""p"": 0.05}",300,1.775,2.0,1.5,1.0,0.08,0.15,0.3,random,imitate,1.0,none,90,1,True,0.0,0.13799999999999998,0,,,0,0,0.0,2,24,erdos_renyi,1.5,0.3,0.15
218,773,erdos_renyi,"{""p"": 0.05}",300,1.775,2.0,1.5,1.0,0.08,0.15,0.3,random,imitate,1.0,none,90,1,True,0.0,0.13799999999999998,0,,,0,0,0.0,2,24,erdos_renyi,1.5,0.3,0.15
219,774,erdos_renyi,"{""p"": 0.05}",300,1.775,2.0,1.5,1.0,0.08,0.15,0.3,random,imitate,1.0,none,90,1,True,0.0,0.13799999999999998,0,,,0,0,0.0,2,24,erdos_renyi,1.5,0.3,0.15
220,775,barabasi_albert,"{""m"": 2}",300,1.775,2.0,1.5,1.0,0.08,0.15,0.3,random,imitate,1.0,none,90,1,True,0.0,0.13799999999999998,0,,,0,0,0.0,2,24,barabasi_albert,1.5,0.3,0.15
221,776,barabasi_albert,"{""m"": 2}",300,1.775,2.0,1.5,1.0,0.08,0.15,0.3,random,imitate,1.0,none,90,2,True,0.0,0.127696,0,,,0,0,0.0,2,24,barabasi_albert,1.5,0.3,0.15
222,777,barabasi_albert,"{""m"": 2}",300,1.775,2.0,1.5,1.0,0.08,0.15,0.3,random,imitate,1.0,none,90,1,True,0.0,0.13799999999999998,0,,,0,0,0.0,2,24,barabasi_albert,1.5,0.3,0.15
223,778,barabasi_albert,"{""m"": 2}",300,1.775,2.0,1.5,1.0,0.08,0.15,0.3,random,imitate,1.0,none,90,2,True,0.0,0.12965866666666667,0,,,0,0,0.0,2,24,barabasi_albert,1.5,0.3,0.15
224,779,barabasi_albert,"{""m"": 2}",300,1.775,2.0,1.5,1.0,0.08,0.15,0.3,random,imitate,1.0,none,90,7,True,1.0,0.374286827741184,1,3.0,4.0,1,300,300.0,2,24,barabasi_albert,1.5,0.3,0.15
225,780,barabasi_albert,"{""m"": 2}",300,1.775,2.0,1.5,1.0,0.08,0.15,0.3,random,imitate,1.0,none,90,2,True,0.0,0.12892266666666666,0,,,0,0,0.0,2,24,barabasi_albert,1.5,0.3,0.15
226,781,barabasi_albert,"{""m"": 2}",300,1.775,2.0,1.5,1.0,0.08,0.15,0.3,random,imitate,1.0,none,90,58,True,0.023333333333333334,0.024343375282245366,0,,,1,7,7.0,2,24,barabasi_albert,1.5,0.3,0.15
227,782,barabasi_albert,"{""m"": 2}",300,1.775,2.0,1.5,1.0,0.08,0.15,0.3,random,imitate,1.0,none,90,2,True,0.0,0.12818666666666667,0,,,0,0,0.0,2,24,barabasi_albert,1.5,0.3,0.15
228,783,barabasi_albert,"{""m"": 2}",300,1.775,2.0,1.5,1.0,0.08,0.15,0.3,random,imitate,1.0,none,90,1,True,0.0,0.13799999999999998,0,,,0,0,0.0,2,24,barabasi_albert,1.5,0.3,0.15
229,784,barabasi_albert,"{""m"": 2}",300,1.775,2.0,1.5,1.0,0.08,0.15,0.3,random,imitate,1.0,none,90,1,True,0.0,0.13799999999999998,0,,,0,0,0.0,2,24,barabasi_albert,1.5,0.3,0.15
230,785,barabasi_albert,"{""m"": 2}",300,1.775,2.0,1.5,1.0,0.08,0.15,0.3,random,imitate,1.0,none,90,1,True,0.0,0.13799999999999998,0,,,0,0,0.0,2,24,barabasi_albert,1.5,0.3,0.15
231,786,barabasi_albert,"{""m"": 2}",300,1.775,2.0,1.5,1.0,0.08,0.15,0.3,random,imitate,1.0,none,90,2,True,0.0,0.1272053333333333,0,,,0,0,0.0,2,24,barabasi_albert,1.5,0.3,0.15
232,787,barabasi_albert,"{""m"": 2}",300,1.775,2.0,1.5,1.0,0.08,0.15,0.3,random,imitate,1.0,none,90,2,True,0.0,0.12745066666666668,0,,,0,0,0.0,2,24,barabasi_albert,1.5,0.3,0.15
233,788,barabasi_albert,"{""m"": 2}",300,1.775,2.0,1.5,1.0,0.08,0.15,0.3,random,imitate,1.0,none,90,1,True,0.0,0.13799999999999998,0,,,0,0,0.0,2,24,barabasi_albert,1.5,0.3,0.15
234,789,barabasi_albert,"{""m"": 2}",300,1.775,2.0,1.5,1.0,0.08,0.15,0.3,random,imitate,1.0,none,90,1,True,0.0,0.13799999999999998,0,,,0,0,0.0,2,24,barabasi_albert,1.5,0.3,0.15
235,790,barabasi_albert,"{""m"": 2}",300,1.775,2.0,1.5,1.0,0.08,0.15,0.3,random,imitate,1.0,none,90,3,True,1.0,0.31494592,1,0.0,1.0,1,300,300.0,2,24,barabasi_albert,1.5,0.3,0.15
236,791,barabasi_albert,"{""m"": 2}",300,1.775,2.0,1.5,1.0,0.08,0.15,0.3,random,imitate,1.0,none,90,4,True,0.0,0.11166336853333333,0,,,0,0,0.0,2,24,barabasi_albert,1.5,0.3,0.15
237,792,barabasi_albert,"{""m"": 2}",300,1.775,2.0,1.5,1.0,0.08,0.15,0.3,random,imitate,1.0,none,90,59,True,0.016666666666666666,0.017640356308533573,0,,,1,5,5.0,2,24,barabasi_albert,1.5,0.3,0.15
238,793,barabasi_albert,"{""m"": 2}",300,1.775,2.0,1.5,1.0,0.08,0.15,0.3,random,imitate,1.0,none,90,32,True,1.0,0.796961122497026,1,1.0,3.0,1,300,300.0,2,24,barabasi_albert,1.5,0.3,0.15
239,794,barabasi_albert,"{""m"": 2}",300,1.775,2.0,1.5,1.0,0.08,0.15,0.3,random,imitate,1.0,none,90,1,True,0.0,0.13799999999999998,0,,,0,0,0.0,2,24,barabasi_albert,1.5,0.3,0.15
240,795,grid,{},300,1.9250000000000003,2.0,1.5,1.0,0.08,0.0499999999999999,0.3,random,imitate,1.0,none,87,6,True,1.0,0.37032514749280543,1,1.0,2.0,1,289,289.0,3,22,grid,1.5,0.3,0.0499999999999999
241,796,grid,{},300,1.9250000000000003,2.0,1.5,1.0,0.08,0.0499999999999999,0.3,random,imitate,1.0,none,87,10,True,1.0,0.5463027439794289,1,0.0,1.0,1,289,289.0,3,22,grid,1.5,0.3,0.0499999999999999
242,797,grid,{},300,1.9250000000000003,2.0,1.5,1.0,0.08,0.0499999999999999,0.3,random,imitate,1.0,none,87,5,True,1.0,0.32102088702228365,1,1.0,1.0,1,289,289.0,3,22,grid,1.5,0.3,0.0499999999999999
243,798,grid,{},300,1.9250000000000003,2.0,1.5,1.0,0.08,0.0499999999999999,0.3,random,imitate,1.0,none,87,9,True,1.0,0.5099422744849158,1,0.0,2.0,1,289,289.0,3,22,grid,1.5,0.3,0.0499999999999999
244,799,grid,{},300,1.9250000000000003,2.0,1.5,1.0,0.08,0.0499999999999999,0.3,random,imitate,1.0,none,87,4,True,1.0,0.27685094710034597,1,1.0,1.0,1,289,289.0,3,22,grid,1.5,0.3,0.0499999999999999
245,800,grid,{},300,1.9250000000000003,2.0,1.5,1.0,0.08,0.0499999999999999,0.3,random,imitate,1.0,none,87,15,True,1.0,0.6424788880215019,1,1.0,5.0,1,289,289.0,3,22,grid,1.5,0.3,0.0499999999999999
246,801,grid,{},300,1.9250000000000003,2.0,1.5,1.0,0.08,0.0499999999999999,0.3,random,imitate,1.0,none,87,8,True,1.0,0.46450731982621113,1,1.0,2.0,1,289,289.0,3,22,grid,1.5,0.3,0.0499999999999999
247,802,grid,{},300,1.9250000000000003,2.0,1.5,1.0,0.08,0.0499999999999999,0.3,random,imitate,1.0,none,87,6,True,1.0,0.39332291302736605,1,0.0,1.0,1,289,289.0,3,22,grid,1.5,0.3,0.0499999999999999
248,803,grid,{},300,1.9250000000000003,2.0,1.5,1.0,0.08,0.0499999999999999,0.3,random,imitate,1.0,none,87,4,True,1.0,0.21346550654671273,1,2.0,2.0,1,289,289.0,3,22,grid,1.5,0.3,0.0499999999999999
249,804,grid,{},300,1.9250000000000003,2.0,1.5,1.0,0.08,0.0499999999999999,0.3,random,imitate,1.0,none,87,5,True,1.0,0.34287740380567466,1,0.0,1.0,1,289,289.0,3,22,grid,1.5,0.3,0.0499999999999999
250,805,grid,{},300,1.9250000000000003,2.0,1.5,1.0,0.08,0.0499999999999999,0.3,random,imitate,1.0,none,87,3,True,1.0,0.23731579792387536,1,0.0,1.0,1,289,289.0,3,22,grid,1.5,0.3,0.0499999999999999
251,806,grid,{},300,1.9250000000000003,2.0,1.5,1.0,0.08,0.0499999999999999,0.3,random,imitate,1.0,none,87,5,True,1.0,0.3242376990471972,1,1.0,1.0,1,289,289.0,3,22,grid,1.5,0.3,0.0499999999999999
252,807,grid,{},300,1.9250000000000003,2.0,1.5,1.0,0.08,0.0499999999999999,0.3,random,imitate,1.0,none,87,9,True,1.0,0.45806845009693753,1,2.0,4.0,1,289,289.0,3,22,grid,1.5,0.3,0.0499999999999999
253,808,grid,{},300,1.9250000000000003,2.0,1.5,1.0,0.08,0.0499999999999999,0.3,random,imitate,1.0,none,87,5,True,1.0,0.25432338331017296,1,2.0,3.0,1,289,289.0,3,22,grid,1.5,0.3,0.0499999999999999
254,809,grid,{},300,1.9250000000000003,2.0,1.5,1.0,0.08,0.0499999999999999,0.3,random,imitate,1.0,none,87,8,True,1.0,0.42696985606338056,1,1.0,3.0,1,289,289.0,3,22,grid,1.5,0.3,0.0499999999999999
255,810,grid,{},300,1.9250000000000003,2.0,1.5,1.0,0.08,0.0499999999999999,0.3,random,imitate,1.0,none,87,11,True,1.0,0.5537202876562866,1,1.0,3.0,1,289,289.0,3,22,grid,1.5,0.3,0.0499999999999999
256,811,grid,{},300,1.9250000000000003,2.0,1.5,1.0,0.08,0.0499999999999999,0.3,random,imitate,1.0,none,87,3,True,1.0,0.21411015086505183,1,1.0,1.0,1,289,289.0,3,22,grid,1.5,0.3,0.0499999999999999
257,812,grid,{},300,1.9250000000000003,2.0,1.5,1.0,0.08,0.0499999999999999,0.3,random,imitate,1.0,none,87,6,True,1.0,0.3221374458125286,1,2.0,3.0,1,289,289.0,3,22,grid,1.5,0.3,0.0499999999999999
258,813,grid,{},300,1.9250000000000003,2.0,1.5,1.0,0.08,0.0499999999999999,0.3,random,imitate,1.0,none,87,14,True,1.0,0.5712923367293568,1,2.0,7.0,1,289,289.0,3,22,grid,1.5,0.3,0.0499999999999999
259,814,grid,{},300,1.9250000000000003,2.0,1.5,1.0,0.08,0.0499999999999999,0.3,random,imitate,1.0,none,87,4,True,1.0,0.27305491886505184,1,1.0,1.0,1,289,289.0,3,22,grid,1.5,0.3,0.0499999999999999
260,815,small_world,"{""k"": 6, ""rewiring_p"": 0.05}",300,1.9250000000000003,2.0,1.5,1.0,0.08,0.0499999999999999,0.3,random,imitate,1.0,none,90,8,True,1.0,0.36424798091129645,1,3.0,5.0,1,300,300.0,3,22,small_world,1.5,0.3,0.0499999999999999
261,816,small_world,"{""k"": 6, ""rewiring_p"": 0.05}",300,1.9250000000000003,2.0,1.5,1.0,0.08,0.0499999999999999,0.3,random,imitate,1.0,none,90,6,True,1.0,0.30744146396501326,1,2.0,4.0,1,300,300.0,3,22,small_world,1.5,0.3,0.0499999999999999
262,817,small_world,"{""k"": 6, ""rewiring_p"": 0.05}",300,1.9250000000000003,2.0,1.5,1.0,0.08,0.0499999999999999,0.3,random,imitate,1.0,none,90,6,True,1.0,0.3264485880490666,1,1.0,3.0,1,300,300.0,3,22,small_world,1.5,0.3,0.0499999999999999
263,818,small_world,"{""k"": 6, ""rewiring_p"": 0.05}",300,1.9250000000000003,2.0,1.5,1.0,0.08,0.0499999999999999,0.3,random,imitate,1.0,none,90,11,True,1.0,0.3751895686544841,1,6.0,8.0,1,300,300.0,3,22,small_world,1.5,0.3,0.0499999999999999
264,819,small_world,"{""k"": 6, ""rewiring_p"": 0.05}",300,1.9250000000000003,2.0,1.5,1.0,0.08,0.0499999999999999,0.3,random,imitate,1.0,none,90,7,True,1.0,0.31803982469911884,1,3.0,4.0,1,300,300.0,3,22,small_world,1.5,0.3,0.0499999999999999
265,820,small_world,"{""k"": 6, ""rewiring_p"": 0.05}",300,1.9250000000000003,2.0,1.5,1.0,0.08,0.0499999999999999,0.3,random,imitate,1.0,none,90,7,True,1.0,0.3406762437514581,1,2.0,4.0,1,300,300.0,3,22,small_world,1.5,0.3,0.0499999999999999
266,821,small_world,"{""k"": 6, ""rewiring_p"": 0.05}",300,1.9250000000000003,2.0,1.5,1.0,0.08,0.0499999999999999,0.3,random,imitate,1.0,none,90,11,True,1.0,0.37262101474404724,1,6.0,8.0,1,300,300.0,3,22,small_world,1.5,0.3,0.0499999999999999
267,822,small_world,"{""k"": 6, ""rewiring_p"": 0.05}",300,1.9250000000000003,2.0,1.5,1.0,0.08,0.0499999999999999,0.3,random,imitate,1.0,none,90,7,True,1.0,0.3462529328125269,1,2.0,4.0,1,300,300.0,3,22,small_world,1.5,0.3,0.0499999999999999
268,823,small_world,"{""k"": 6, ""rewiring_p"": 0.05}",300,1.9250000000000003,2.0,1.5,1.0,0.08,0.0499999999999999,0.3,random,imitate,1.0,none,90,7,True,1.0,0.3594041702683989,1,2.0,3.0,1,300,300.0,3,22,small_world,1.5,0.3,0.0499999999999999
269,824,small_world,"{""k"": 6, ""rewiring_p"": 0.05}",300,1.9250000000000003,2.0,1.5,1.0,0.08,0.0499999999999999,0.3,random,imitate,1.0,none,90,6,True,1.0,0.32500150292479996,1,2.0,3.0,1,300,300.0,3,22,small_world,1.5,0.3,0.0499999999999999
270,825,small_world,"{""k"": 6, ""rewiring_p"": 0.05}",300,1.9250000000000003,2.0,1.5,1.0,0.08,0.0499999999999999,0.3,random,imitate,1.0,none,90,7,True,1.0,0.2912904617792853,1,3.0,5.0,1,300,300.0,3,22,small_world,1.5,0.3,0.0499999999999999
271,826,small_world,"{""k"": 6, ""rewiring_p"": 0.05}",300,1.9250000000000003,2.0,1.5,1.0,0.08,0.0499999999999999,0.3,random,imitate,1.0,none,90,10,True,1.0,0.34239831552169353,1,6.0,7.0,1,300,300.0,3,22,small_world,1.5,0.3,0.0499999999999999
272,827,small_world,"{""k"": 6, ""rewiring_p"": 0.05}",300,1.9250000000000003,2.0,1.5,1.0,0.08,0.0499999999999999,0.3,random,imitate,1.0,none,90,8,True,1.0,0.3359126764683045,1,3.0,5.0,1,300,300.0,3,22,small_world,1.5,0.3,0.0499999999999999
273,828,small_world,"{""k"": 6, ""rewiring_p"": 0.05}",300,1.9250000000000003,2.0,1.5,1.0,0.08,0.0499999999999999,0.3,random,imitate,1.0,none,90,9,True,1.0,0.3681598298740446,1,4.0,6.0,1,300,300.0,3,22,small_world,1.5,0.3,0.0499999999999999
274,829,small_world,"{""k"": 6, ""rewiring_p"": 0.05}",300,1.9250000000000003,2.0,1.5,1.0,0.08,0.0499999999999999,0.3,random,imitate,1.0,none,90,6,True,1.0,0.29937163117909327,1,2.0,4.0,1,300,300.0,3,22,small_world,1.5,0.3,0.0499999999999999
275,830,small_world,"{""k"": 6, ""rewiring_p"": 0.05}",300,1.9250000000000003,2.0,1.5,1.0,0.08,0.0499999999999999,0.3,random,imitate,1.0,none,90,7,True,1.0,0.3460069090978474,1,2.0,4.0,1,300,300.0,3,22,small_world,1.5,0.3,0.0499999999999999
276,831,small_world,"{""k"": 6, ""rewiring_p"": 0.05}",300,1.9250000000000003,2.0,1.5,1.0,0.08,0.0499999999999999,0.3,random,imitate,1.0,none,90,11,True,1.0,0.35190667955720206,1,6.0,8.0,1,300,300.0,3,22,small_world,1.5,0.3,0.0499999999999999
277,832,small_world,"{""k"": 6, ""rewiring_p"": 0.05}",300,1.9250000000000003,2.0,1.5,1.0,0.08,0.0499999999999999,0.3,random,imitate,1.0,none,90,8,True,1.0,0.40098986060561337,1,2.0,4.0,1,300,300.0,3,22,small_world,1.5,0.3,0.0499999999999999
278,833,small_world,"{""k"": 6, ""rewiring_p"": 0.05}",300,1.9250000000000003,2.0,1.5,1.0,0.08,0.0499999999999999,0.3,random,imitate,1.0,none,90,8,True,1.0,0.3824558523232419,1,2.0,4.0,1,300,300.0,3,22,small_world,1.5,0.3,0.0499999999999999
279,834,small_world,"{""k"": 6, ""rewiring_p"": 0.05}",300,1.9250000000000003,2.0,1.5,1.0,0.08,0.0499999999999999,0.3,random,imitate,1.0,none,90,8,True,1.0,0.37373898663122257,1,3.0,4.0,1,300,300.0,3,22,small_world,1.5,0.3,0.0499999999999999
280,835,erdos_renyi,"{""p"": 0.05}",300,1.9250000000000003,2.0,1.5,1.0,0.08,0.0499999999999999,0.3,random,imitate,1.0,none,90,5,True,1.0,0.25820488123733326,1,2.0,3.0,1,300,300.0,3,22,erdos_renyi,1.5,0.3,0.0499999999999999
281,836,erdos_renyi,"{""p"": 0.05}",300,1.9250000000000003,2.0,1.5,1.0,0.08,0.0499999999999999,0.3,random,imitate,1.0,none,90,3,True,0.0,0.04375274666666659,0,,,0,0,0.0,3,22,erdos_renyi,1.5,0.3,0.0499999999999999
282,837,erdos_renyi,"{""p"": 0.05}",300,1.9250000000000003,2.0,1.5,1.0,0.08,0.0499999999999999,0.3,random,imitate,1.0,none,90,8,True,1.0,0.2697204118267057,1,6.0,6.0,1,300,300.0,3,22,erdos_renyi,1.5,0.3,0.0499999999999999
283,838,erdos_renyi,"{""p"": 0.05}",300,1.9250000000000003,2.0,1.5,1.0,0.08,0.0499999999999999,0.3,random,imitate,1.0,none,90,2,True,0.0,0.04477333333333325,0,,,0,0,0.0,3,22,erdos_renyi,1.5,0.3,0.0499999999999999
284,839,erdos_renyi,"{""p"": 0.05}",300,1.9250000000000003,2.0,1.5,1.0,0.08,0.0499999999999999,0.3,random,imitate,1.0,none,90,1,True,0.0,0.04599999999999991,0,,,0,0,0.0,3,22,erdos_renyi,1.5,0.3,0.0499999999999999
285,840,erdos_renyi,"{""p"": 0.05}",300,1.9250000000000003,2.0,1.5,1.0,0.08,0.0499999999999999,0.3,random,imitate,1.0,none,90,42,True,0.08333333333333333,0.0823375278696773,0,,,1,25,25.0,3,22,erdos_renyi,1.5,0.3,0.0499999999999999
286,841,erdos_renyi,"{""p"": 0.05}",300,1.9250000000000003,2.0,1.5,1.0,0.08,0.0499999999999999,0.3,random,imitate,1.0,none,90,34,True,0.06333333333333334,0.06266671054926277,0,,,1,19,19.0,3,22,erdos_renyi,1.5,0.3,0.0499999999999999
287,842,erdos_renyi,"{""p"": 0.05}",300,1.9250000000000003,2.0,1.5,1.0,0.08,0.0499999999999999,0.3,random,imitate,1.0,none,90,2,True,0.0,0.04354666666666658,0,,,0,0,0.0,3,22,erdos_renyi,1.5,0.3,0.0499999999999999
288,843,erdos_renyi,"{""p"": 0.05}",300,1.9250000000000003,2.0,1.5,1.0,0.08,0.0499999999999999,0.3,random,imitate,1.0,none,90,2,True,0.0,0.04256533333333325,0,,,0,0,0.0,3,22,erdos_renyi,1.5,0.3,0.0499999999999999
289,844,erdos_renyi,"{""p"": 0.05}",300,1.9250000000000003,2.0,1.5,1.0,0.08,0.0499999999999999,0.3,random,imitate,1.0,none,90,2,True,0.0,0.04256533333333325,0,,,0,0,0.0,3,22,erdos_renyi,1.5,0.3,0.0499999999999999
290,845,erdos_renyi,"{""p"": 0.05}",300,1.9250000000000003,2.0,1.5,1.0,0.08,0.0499999999999999,0.3,random,imitate,1.0,none,90,2,True,0.0,0.04256533333333325,0,,,0,0,0.0,3,22,erdos_renyi,1.5,0.3,0.0499999999999999
291,846,erdos_renyi,"{""p"": 0.05}",300,1.9250000000000003,2.0,1.5,1.0,0.08,0.0499999999999999,0.3,random,imitate,1.0,none,90,2,True,0.0,0.04428266666666658,0,,,0,0,0.0,3,22,erdos_renyi,1.5,0.3,0.0499999999999999
292,847,erdos_renyi,"{""p"": 0.05}",300,1.9250000000000003,2.0,1.5,1.0,0.08,0.0499999999999999,0.3,random,imitate,1.0,none,90,2,True,0.0,0.043055999999999914,0,,,0,0,0.0,3,22,erdos_renyi,1.5,0.3,0.0499999999999999
293,848,erdos_renyi,"{""p"": 0.05}",300,1.9250000000000003,2.0,1.5,1.0,0.08,0.0499999999999999,0.3,random,imitate,1.0,none,90,2,True,0.0,0.045999999999999916,0,,,0,0,0.0,3,22,erdos_renyi,1.5,0.3,0.0499999999999999
294,849,erdos_renyi,"{""p"": 0.05}",300,1.9250000000000003,2.0,1.5,1.0,0.08,0.0499999999999999,0.3,random,imitate,1.0,none,90,54,True,0.15,0.1489995604391809,0,,,1,45,45.0,3,22,erdos_renyi,1.5,0.3,0.0499999999999999
295,850,erdos_renyi,"{""p"": 0.05}",300,1.9250000000000003,2.0,1.5,1.0,0.08,0.0499999999999999,0.3,random,imitate,1.0,none,90,1,True,0.0,0.04599999999999991,0,,,0,0,0.0,3,22,erdos_renyi,1.5,0.3,0.0499999999999999
296,851,erdos_renyi,"{""p"": 0.05}",300,1.9250000000000003,2.0,1.5,1.0,0.08,0.0499999999999999,0.3,random,imitate,1.0,none,90,2,True,0.0,0.04281066666666658,0,,,0,0,0.0,3,22,erdos_renyi,1.5,0.3,0.0499999999999999
297,852,erdos_renyi,"{""p"": 0.05}",300,1.9250000000000003,2.0,1.5,1.0,0.08,0.0499999999999999,0.3,random,imitate,1.0,none,90,2,True,0.0,0.04747199999999992,0,,,0,0,0.0,3,22,erdos_renyi,1.5,0.3,0.0499999999999999
298,853,erdos_renyi,"{""p"": 0.05}",300,1.9250000000000003,2.0,1.5,1.0,0.08,0.0499999999999999,0.3,random,imitate,1.0,none,90,42,True,0.08,0.07904154914103162,0,,,1,24,24.0,3,22,erdos_renyi,1.5,0.3,0.0499999999999999
299,854,erdos_renyi,"{""p"": 0.05}",300,1.9250000000000003,2.0,1.5,1.0,0.08,0.0499999999999999,0.3,random,imitate,1.0,none,90,43,True,0.08666666666666667,0.08565880671581899,0,,,1,26,26.0,3,22,erdos_renyi,1.5,0.3,0.0499999999999999
300,855,barabasi_albert,"{""m"": 2}",300,1.9250000000000003,2.0,1.5,1.0,0.08,0.0499999999999999,0.3,random,imitate,1.0,none,90,1,True,0.0,0.04599999999999991,0,,,0,0,0.0,3,22,barabasi_albert,1.5,0.3,0.0499999999999999
301,856,barabasi_albert,"{""m"": 2}",300,1.9250000000000003,2.0,1.5,1.0,0.08,0.0499999999999999,0.3,random,imitate,1.0,none,90,40,True,0.023333333333333334,0.024303445278907453,0,,,1,7,7.0,3,22,barabasi_albert,1.5,0.3,0.0499999999999999
302,857,barabasi_albert,"{""m"": 2}",300,1.9250000000000003,2.0,1.5,1.0,0.08,0.0499999999999999,0.3,random,imitate,1.0,none,90,2,True,0.0,0.051397333333333246,0,,,0,0,0.0,3,22,barabasi_albert,1.5,0.3,0.0499999999999999
303,858,barabasi_albert,"{""m"": 2}",300,1.9250000000000003,2.0,1.5,1.0,0.08,0.0499999999999999,0.3,random,imitate,1.0,none,90,1,True,0.0,0.04599999999999991,0,,,0,0,0.0,3,22,barabasi_albert,1.5,0.3,0.0499999999999999
304,859,barabasi_albert,"{""m"": 2}",300,1.9250000000000003,2.0,1.5,1.0,0.08,0.0499999999999999,0.3,random,imitate,1.0,none,90,2,True,0.0,0.04281066666666658,0,,,0,0,0.0,3,22,barabasi_albert,1.5,0.3,0.0499999999999999
305,860,barabasi_albert,"{""m"": 2}",300,1.9250000000000003,2.0,1.5,1.0,0.08,0.0499999999999999,0.3,random,imitate,1.0,none,90,44,True,0.09,0.08902053273405641,0,,,1,27,27.0,3,22,barabasi_albert,1.5,0.3,0.0499999999999999
306,861,barabasi_albert,"{""m"": 2}",300,1.9250000000000003,2.0,1.5,1.0,0.08,0.0499999999999999,0.3,random,imitate,1.0,none,90,1,True,0.0,0.04599999999999991,0,,,0,0,0.0,3,22,barabasi_albert,1.5,0.3,0.0499999999999999
307,862,barabasi_albert,"{""m"": 2}",300,1.9250000000000003,2.0,1.5,1.0,0.08,0.0499999999999999,0.3,random,imitate,1.0,none,90,1,True,0.0,0.04599999999999991,0,,,0,0,0.0,3,22,barabasi_albert,1.5,0.3,0.0499999999999999
308,863,barabasi_albert,"{""m"": 2}",300,1.9250000000000003,2.0,1.5,1.0,0.08,0.0499999999999999,0.3,random,imitate,1.0,none,90,1,True,0.0,0.04599999999999991,0,,,0,0,0.0,3,22,barabasi_albert,1.5,0.3,0.0499999999999999
309,864,barabasi_albert,"{""m"": 2}",300,1.9250000000000003,2.0,1.5,1.0,0.08,0.0499999999999999,0.3,random,imitate,1.0,none,90,2,True,0.0,0.04281066666666658,0,,,0,0,0.0,3,22,barabasi_albert,1.5,0.3,0.0499999999999999
310,865,barabasi_albert,"{""m"": 2}",300,1.9250000000000003,2.0,1.5,1.0,0.08,0.0499999999999999,0.3,random,imitate,1.0,none,90,2,True,0.0,0.04256533333333325,0,,,0,0,0.0,3,22,barabasi_albert,1.5,0.3,0.0499999999999999
311,866,barabasi_albert,"{""m"": 2}",300,1.9250000000000003,2.0,1.5,1.0,0.08,0.0499999999999999,0.3,random,imitate,1.0,none,90,2,True,0.0,0.04281066666666658,0,,,0,0,0.0,3,22,barabasi_albert,1.5,0.3,0.0499999999999999
312,867,barabasi_albert,"{""m"": 2}",300,1.9250000000000003,2.0,1.5,1.0,0.08,0.0499999999999999,0.3,random,imitate,1.0,none,90,50,True,0.10666666666666667,0.10571850445262757,0,,,1,32,32.0,3,22,barabasi_albert,1.5,0.3,0.0499999999999999
313,868,barabasi_albert,"{""m"": 2}",300,1.9250000000000003,2.0,1.5,1.0,0.08,0.0499999999999999,0.3,random,imitate,1.0,none,90,1,True,0.0,0.04599999999999991,0,,,0,0,0.0,3,22,barabasi_albert,1.5,0.3,0.0499999999999999
314,869,barabasi_albert,"{""m"": 2}",300,1.9250000000000003,2.0,1.5,1.0,0.08,0.0499999999999999,0.3,random,imitate,1.0,none,90,2,True,0.0,0.043055999999999914,0,,,0,0,0.0,3,22,barabasi_albert,1.5,0.3,0.0499999999999999
315,870,barabasi_albert,"{""m"": 2}",300,1.9250000000000003,2.0,1.5,1.0,0.08,0.0499999999999999,0.3,random,imitate,1.0,none,90,2,True,0.0,0.04256533333333325,0,,,0,0,0.0,3,22,barabasi_albert,1.5,0.3,0.0499999999999999
316,871,barabasi_albert,"{""m"": 2}",300,1.9250000000000003,2.0,1.5,1.0,0.08,0.0499999999999999,0.3,random,imitate,1.0,none,90,42,True,0.016666666666666666,0.017679942401614922,0,,,1,5,5.0,3,22,barabasi_albert,1.5,0.3,0.0499999999999999
317,872,barabasi_albert,"{""m"": 2}",300,1.9250000000000003,2.0,1.5,1.0,0.08,0.0499999999999999,0.3,random,imitate,1.0,none,90,2,True,0.0,0.04281066666666658,0,,,0,0,0.0,3,22,barabasi_albert,1.5,0.3,0.0499999999999999
318,873,barabasi_albert,"{""m"": 2}",300,1.9250000000000003,2.0,1.5,1.0,0.08,0.0499999999999999,0.3,random,imitate,1.0,none,90,38,True,0.02666666666666667,0.027684800382623095,0,,,1,8,8.0,3,22,barabasi_albert,1.5,0.3,0.0499999999999999
319,874,barabasi_albert,"{""m"": 2}",300,1.9250000000000003,2.0,1.5,1.0,0.08,0.0499999999999999,0.3,random,imitate,1.0,none,90,2,True,1.0,0.1826719999999999,1,0.0,0.0,1,300,300.0,3,22,barabasi_albert,1.5,0.3,0.0499999999999999
320,875,grid,{},300,1.5000000000000002,2.0,2.0,1.0,0.08,0.2499999999999999,0.3,random,imitate,1.0,none,87,8,True,1.0,0.5394174548026619,1,1.0,3.0,1,289,289.0,4,75,grid,2.0,0.3,0.2499999999999999
321,876,grid,{},300,1.5000000000000002,2.0,2.0,1.0,0.08,0.2499999999999999,0.3,random,imitate,1.0,none,87,10,True,1.0,0.5657728857696643,1,3.0,4.0,1,289,289.0,4,75,grid,2.0,0.3,0.2499999999999999
322,877,grid,{},300,1.5000000000000002,2.0,2.0,1.0,0.08,0.2499999999999999,0.3,random,imitate,1.0,none,87,7,True,1.0,0.5390496517028583,1,1.0,1.0,1,289,289.0,4,75,grid,2.0,0.3,0.2499999999999999
323,878,grid,{},300,1.5000000000000002,2.0,2.0,1.0,0.08,0.2499999999999999,0.3,random,imitate,1.0,none,87,3,True,1.0,0.3639495640138407,1,1.0,1.0,1,289,289.0,4,75,grid,2.0,0.3,0.2499999999999999
324,879,grid,{},300,1.5000000000000002,2.0,2.0,1.0,0.08,0.2499999999999999,0.3,random,imitate,1.0,none,87,6,True,1.0,0.49784255867482347,1,1.0,1.0,1,289,289.0,4,75,grid,2.0,0.3,0.2499999999999999
325,880,grid,{},300,1.5000000000000002,2.0,2.0,1.0,0.08,0.2499999999999999,0.3,random,imitate,1.0,none,87,15,True,1.0,0.6734996237027525,1,3.0,6.0,1,289,289.0,4,75,grid,2.0,0.3,0.2499999999999999
326,881,grid,{},300,1.5000000000000002,2.0,2.0,1.0,0.08,0.2499999999999999,0.3,random,imitate,1.0,none,87,7,True,1.0,0.5171651111101918,1,1.0,2.0,1,289,289.0,4,75,grid,2.0,0.3,0.2499999999999999
327,882,grid,{},300,1.5000000000000002,2.0,2.0,1.0,0.08,0.2499999999999999,0.3,random,imitate,1.0,none,87,9,True,1.0,0.5903413252065134,1,1.0,2.0,1,289,289.0,4,75,grid,2.0,0.3,0.2499999999999999
328,883,grid,{},300,1.5000000000000002,2.0,2.0,1.0,0.08,0.2499999999999999,0.3,random,imitate,1.0,none,87,6,True,1.0,0.51028283786364,1,0.0,1.0,1,289,289.0,4,75,grid,2.0,0.3,0.2499999999999999
329,884,grid,{},300,1.5000000000000002,2.0,2.0,1.0,0.08,0.2499999999999999,0.3,random,imitate,1.0,none,87,12,True,1.0,0.4620024720025189,1,6.0,10.0,1,289,289.0,4,75,grid,2.0,0.3,0.2499999999999999
330,885,grid,{},300,1.5000000000000002,2.0,2.0,1.0,0.08,0.2499999999999999,0.3,random,imitate,1.0,none,87,5,True,1.0,0.4660249588484428,1,1.0,1.0,1,289,289.0,4,75,grid,2.0,0.3,0.2499999999999999
331,886,grid,{},300,1.5000000000000002,2.0,2.0,1.0,0.08,0.2499999999999999,0.3,random,imitate,1.0,none,87,5,True,1.0,0.44917893855224905,1,1.0,1.0,1,289,289.0,4,75,grid,2.0,0.3,0.2499999999999999
332,887,grid,{},300,1.5000000000000002,2.0,2.0,1.0,0.08,0.2499999999999999,0.3,random,imitate,1.0,none,87,3,True,1.0,0.374360525951557,1,1.0,1.0,1,289,289.0,4,75,grid,2.0,0.3,0.2499999999999999
333,888,grid,{},300,1.5000000000000002,2.0,2.0,1.0,0.08,0.2499999999999999,0.3,random,imitate,1.0,none,87,6,True,1.0,0.4947238324989342,1,1.0,1.0,1,289,289.0,4,75,grid,2.0,0.3,0.2499999999999999
334,889,grid,{},300,1.5000000000000002,2.0,2.0,1.0,0.08,0.2499999999999999,0.3,random,imitate,1.0,none,87,4,True,1.0,0.42090496221453283,1,1.0,1.0,1,289,289.0,4,75,grid,2.0,0.3,0.2499999999999999
335,890,grid,{},300,1.5000000000000002,2.0,2.0,1.0,0.08,0.2499999999999999,0.3,random,imitate,1.0,none,87,6,True,1.0,0.5124881428302837,1,0.0,1.0,1,289,289.0,4,75,grid,2.0,0.3,0.2499999999999999
336,891,grid,{},300,1.5000000000000002,2.0,2.0,1.0,0.08,0.2499999999999999,0.3,random,imitate,1.0,none,87,9,True,1.0,0.600411336002077,1,0.0,1.0,1,289,289.0,4,75,grid,2.0,0.3,0.2499999999999999
337,892,grid,{},300,1.5000000000000002,2.0,2.0,1.0,0.08,0.2499999999999999,0.3,random,imitate,1.0,none,87,17,True,1.0,0.691852510762607,1,4.0,7.0,1,289,289.0,4,75,grid,2.0,0.3,0.2499999999999999
338,893,grid,{},300,1.5000000000000002,2.0,2.0,1.0,0.08,0.2499999999999999,0.3,random,imitate,1.0,none,87,3,True,1.0,0.37067288581314867,1,1.0,1.0,1,289,289.0,4,75,grid,2.0,0.3,0.2499999999999999
339,894,grid,{},300,1.5000000000000002,2.0,2.0,1.0,0.08,0.2499999999999999,0.3,random,imitate,1.0,none,87,8,True,1.0,0.5448049071317189,1,1.0,3.0,1,289,289.0,4,75,grid,2.0,0.3,0.2499999999999999
340,895,small_world,"{""k"": 6, ""rewiring_p"": 0.05}",300,1.5000000000000002,2.0,2.0,1.0,0.08,0.2499999999999999,0.3,random,imitate,1.0,none,90,9,True,1.0,0.4718630526447928,1,4.0,5.0,1,300,300.0,4,75,small_world,2.0,0.3,0.2499999999999999
341,896,small_world,"{""k"": 6, ""rewiring_p"": 0.05}",300,1.5000000000000002,2.0,2.0,1.0,0.08,0.2499999999999999,0.3,random,imitate,1.0,none,90,1,True,0.0,0.2299999999999999,0,,,0,0,0.0,4,75,small_world,2.0,0.3,0.2499999999999999
342,897,small_world,"{""k"": 6, ""rewiring_p"": 0.05}",300,1.5000000000000002,2.0,2.0,1.0,0.08,0.2499999999999999,0.3,random,imitate,1.0,none,90,7,True,1.0,0.4839314243851605,1,2.0,3.0,1,300,300.0,4,75,small_world,2.0,0.3,0.2499999999999999
343,898,small_world,"{""k"": 6, ""rewiring_p"": 0.05}",300,1.5000000000000002,2.0,2.0,1.0,0.08,0.2499999999999999,0.3,random,imitate,1.0,none,90,6,True,1.0,0.4331407263470933,1,2.0,3.0,1,300,300.0,4,75,small_world,2.0,0.3,0.2499999999999999
344,899,small_world,"{""k"": 6, ""rewiring_p"": 0.05}",300,1.5000000000000002,2.0,2.0,1.0,0.08,0.2499999999999999,0.3,random,imitate,1.0,none,90,8,True,1.0,0.4638949718716361,1,3.0,4.0,1,300,300.0,4,75,small_world,2.0,0.3,0.2499999999999999
345,900,small_world,"{""k"": 6, ""rewiring_p"": 0.05}",300,1.5000000000000002,2.0,2.0,1.0,0.08,0.2499999999999999,0.3,random,imitate,1.0,none,90,8,True,1.0,0.4470259924390161,1,4.0,5.0,1,300,300.0,4,75,small_world,2.0,0.3,0.2499999999999999
346,901,small_world,"{""k"": 6, ""rewiring_p"": 0.05}",300,1.5000000000000002,2.0,2.0,1.0,0.08,0.2499999999999999,0.3,random,imitate,1.0,none,90,12,True,1.0,0.4992250563655976,1,6.0,7.0,1,300,300.0,4,75,small_world,2.0,0.3,0.2499999999999999
347,902,small_world,"{""k"": 6, ""rewiring_p"": 0.05}",300,1.5000000000000002,2.0,2.0,1.0,0.08,0.2499999999999999,0.3,random,imitate,1.0,none,90,9,True,1.0,0.4678487300144968,1,4.0,6.0,1,300,300.0,4,75,small_world,2.0,0.3,0.2499999999999999
348,903,small_world,"{""k"": 6, ""rewiring_p"": 0.05}",300,1.5000000000000002,2.0,2.0,1.0,0.08,0.2499999999999999,0.3,random,imitate,1.0,none,90,12,True,1.0,0.4615475250658737,1,7.0,8.0,1,300,300.0,4,75,small_world,2.0,0.3,0.2499999999999999
349,904,small_world,"{""k"": 6, ""rewiring_p"": 0.05}",300,1.5000000000000002,2.0,2.0,1.0,0.08,0.2499999999999999,0.3,random,imitate,1.0,none,90,9,True,1.0,0.42691227711517576,1,5.0,6.0,1,300,300.0,4,75,small_world,2.0,0.3,0.2499999999999999
350,905,small_world,"{""k"": 6, ""rewiring_p"": 0.05}",300,1.5000000000000002,2.0,2.0,1.0,0.08,0.2499999999999999,0.3,random,imitate,1.0,none,90,7,True,1.0,0.4306410394872491,1,3.0,4.0,1,300,300.0,4,75,small_world,2.0,0.3,0.2499999999999999
351,906,small_world,"{""k"": 6, ""rewiring_p"": 0.05}",300,1.5000000000000002,2.0,2.0,1.0,0.08,0.2499999999999999,0.3,random,imitate,1.0,none,90,8,True,1.0,0.4725954528821684,1,3.0,4.0,1,300,300.0,4,75,small_world,2.0,0.3,0.2499999999999999
352,907,small_world,"{""k"": 6, ""rewiring_p"": 0.05}",300,1.5000000000000002,2.0,2.0,1.0,0.08,0.2499999999999999,0.3,random,imitate,1.0,none,90,7,True,1.0,0.43438086902852263,1,3.0,4.0,1,300,300.0,4,75,small_world,2.0,0.3,0.2499999999999999
353,908,small_world,"{""k"": 6, ""rewiring_p"": 0.05}",300,1.5000000000000002,2.0,2.0,1.0,0.08,0.2499999999999999,0.3,random,imitate,1.0,none,90,7,True,1.0,0.48201688697787726,1,2.0,3.0,1,300,300.0,4,75,small_world,2.0,0.3,0.2499999999999999
354,909,small_world,"{""k"": 6, ""rewiring_p"": 0.05}",300,1.5000000000000002,2.0,2.0,1.0,0.08,0.2499999999999999,0.3,random,imitate,1.0,none,90,14,True,1.0,0.4773020642126551,1,8.0,11.0,1,300,300.0,4,75,small_world,2.0,0.3,0.2499999999999999
355,910,small_world,"{""k"": 6, ""rewiring_p"": 0.05}",300,1.5000000000000002,2.0,2.0,1.0,0.08,0.2499999999999999,0.3,random,imitate,1.0,none,90,5,True,1.0,0.3907744102399999,1,2.0,3.0,1,300,300.0,4,75,small_world,2.0,0.3,0.2499999999999999
356,911,small_world,"{""k"": 6, ""rewiring_p"": 0.05}",300,1.5000000000000002,2.0,2.0,1.0,0.08,0.2499999999999999,0.3,random,imitate,1.0,none,90,8,True,1.0,0.4574849620435927,1,3.0,5.0,1,300,300.0,4,75,small_world,2.0,0.3,0.2499999999999999
357,912,small_world,"{""k"": 6, ""rewiring_p"": 0.05}",300,1.5000000000000002,2.0,2.0,1.0,0.08,0.2499999999999999,0.3,random,imitate,1.0,none,90,7,True,1.0,0.4862691916846421,1,2.0,3.0,1,300,300.0,4,75,small_world,2.0,0.3,0.2499999999999999
358,913,small_world,"{""k"": 6, ""rewiring_p"": 0.05}",300,1.5000000000000002,2.0,2.0,1.0,0.08,0.2499999999999999,0.3,random,imitate,1.0,none,90,11,True,1.0,0.46472836294571496,1,6.0,8.0,1,300,300.0,4,75,small_world,2.0,0.3,0.2499999999999999
359,914,small_world,"{""k"": 6, ""rewiring_p"": 0.05}",300,1.5000000000000002,2.0,2.0,1.0,0.08,0.2499999999999999,0.3,random,imitate,1.0,none,90,8,True,1.0,0.4430599728068689,1,3.0,5.0,1,300,300.0,4,75,small_world,2.0,0.3,0.2499999999999999
360,915,erdos_renyi,"{""p"": 0.05}",300,1.5000000000000002,2.0,2.0,1.0,0.08,0.2499999999999999,0.3,random,imitate,1.0,none,90,1,True,0.0,0.2299999999999999,0,,,0,0,0.0,4,75,erdos_renyi,2.0,0.3,0.2499999999999999
361,916,erdos_renyi,"{""p"": 0.05}",300,1.5000000000000002,2.0,2.0,1.0,0.08,0.2499999999999999,0.3,random,imitate,1.0,none,90,2,True,0.0,0.21258133333333323,0,,,0,0,0.0,4,75,erdos_renyi,2.0,0.3,0.2499999999999999
362,917,erdos_renyi,"{""p"": 0.05}",300,1.5000000000000002,2.0,2.0,1.0,0.08,0.2499999999999999,0.3,random,imitate,1.0,none,90,56,True,0.15,0.15097587385959296,0,,,1,45,45.0,4,75,erdos_renyi,2.0,0.3,0.2499999999999999
363,918,erdos_renyi,"{""p"": 0.05}",300,1.5000000000000002,2.0,2.0,1.0,0.08,0.2499999999999999,0.3,random,imitate,1.0,none,90,2,True,0.0,0.2167519999999999,0,,,0,0,0.0,4,75,erdos_renyi,2.0,0.3,0.2499999999999999
364,919,erdos_renyi,"{""p"": 0.05}",300,1.5000000000000002,2.0,2.0,1.0,0.08,0.2499999999999999,0.3,random,imitate,1.0,none,90,4,True,0.0,0.18473344853333326,0,,,0,0,0.0,4,75,erdos_renyi,2.0,0.3,0.2499999999999999
365,920,erdos_renyi,"{""p"": 0.05}",300,1.5000000000000002,2.0,2.0,1.0,0.08,0.2499999999999999,0.3,random,imitate,1.0,none,90,1,True,0.0,0.2299999999999999,0,,,0,0,0.0,4,75,erdos_renyi,2.0,0.3,0.2499999999999999
366,921,erdos_renyi,"{""p"": 0.05}",300,1.5000000000000002,2.0,2.0,1.0,0.08,0.2499999999999999,0.3,random,imitate,1.0,none,90,61,True,0.08333333333333333,0.08433763577754054,0,,,1,25,25.0,4,75,erdos_renyi,2.0,0.3,0.2499999999999999
367,922,erdos_renyi,"{""p"": 0.05}",300,1.5000000000000002,2.0,2.0,1.0,0.08,0.2499999999999999,0.3,random,imitate,1.0,none,90,61,True,0.08666666666666667,0.08767194280051574,0,,,1,26,26.0,4,75,erdos_renyi,2.0,0.3,0.2499999999999999
368,923,erdos_renyi,"{""p"": 0.05}",300,1.5000000000000002,2.0,2.0,1.0,0.08,0.2499999999999999,0.3,random,imitate,1.0,none,90,2,True,0.0,0.2145439999999999,0,,,0,0,0.0,4,75,erdos_renyi,2.0,0.3,0.2499999999999999
369,924,erdos_renyi,"{""p"": 0.05}",300,1.5000000000000002,2.0,2.0,1.0,0.08,0.2499999999999999,0.3,random,imitate,1.0,none,90,2,True,0.0,0.2130719999999999,0,,,0,0,0.0,4,75,erdos_renyi,2.0,0.3,0.2499999999999999
370,925,erdos_renyi,"{""p"": 0.05}",300,1.5000000000000002,2.0,2.0,1.0,0.08,0.2499999999999999,0.3,random,imitate,1.0,none,90,62,True,0.08333333333333333,0.08429426997774693,0,,,1,25,25.0,4,75,erdos_renyi,2.0,0.3,0.2499999999999999
371,926,erdos_renyi,"{""p"": 0.05}",300,1.5000000000000002,2.0,2.0,1.0,0.08,0.2499999999999999,0.3,random,imitate,1.0,none,90,2,True,0.0,0.21258133333333323,0,,,0,0,0.0,4,75,erdos_renyi,2.0,0.3,0.2499999999999999
372,927,erdos_renyi,"{""p"": 0.05}",300,1.5000000000000002,2.0,2.0,1.0,0.08,0.2499999999999999,0.3,random,imitate,1.0,none,90,2,True,0.0,0.21405333333333326,0,,,0,0,0.0,4,75,erdos_renyi,2.0,0.3,0.2499999999999999
373,928,erdos_renyi,"{""p"": 0.05}",300,1.5000000000000002,2.0,2.0,1.0,0.08,0.2499999999999999,0.3,random,imitate,1.0,none,90,63,True,0.07333333333333333,0.07429530336624812,0,,,1,22,22.0,4,75,erdos_renyi,2.0,0.3,0.2499999999999999
374,929,erdos_renyi,"{""p"": 0.05}",300,1.5000000000000002,2.0,2.0,1.0,0.08,0.2499999999999999,0.3,random,imitate,1.0,none,90,2,True,0.0,0.2138079999999999,0,,,0,0,0.0,4,75,erdos_renyi,2.0,0.3,0.2499999999999999
375,930,erdos_renyi,"{""p"": 0.05}",300,1.5000000000000002,2.0,2.0,1.0,0.08,0.2499999999999999,0.3,random,imitate,1.0,none,90,2,True,0.0,0.2123359999999999,0,,,0,0,0.0,4,75,erdos_renyi,2.0,0.3,0.2499999999999999
376,931,erdos_renyi,"{""p"": 0.05}",300,1.5000000000000002,2.0,2.0,1.0,0.08,0.2499999999999999,0.3,random,imitate,1.0,none,90,2,True,0.0,0.2130719999999999,0,,,0,0,0.0,4,75,erdos_renyi,2.0,0.3,0.2499999999999999
377,932,erdos_renyi,"{""p"": 0.05}",300,1.5000000000000002,2.0,2.0,1.0,0.08,0.2499999999999999,0.3,random,imitate,1.0,none,90,1,True,0.0,0.2299999999999999,0,,,0,0,0.0,4,75,erdos_renyi,2.0,0.3,0.2499999999999999
378,933,erdos_renyi,"{""p"": 0.05}",300,1.5000000000000002,2.0,2.0,1.0,0.08,0.2499999999999999,0.3,random,imitate,1.0,none,90,2,True,0.0,0.21405333333333326,0,,,0,0,0.0,4,75,erdos_renyi,2.0,0.3,0.2499999999999999
379,934,erdos_renyi,"{""p"": 0.05}",300,1.5000000000000002,2.0,2.0,1.0,0.08,0.2499999999999999,0.3,random,imitate,1.0,none,90,1,True,0.0,0.2299999999999999,0,,,0,0,0.0,4,75,erdos_renyi,2.0,0.3,0.2499999999999999
380,935,barabasi_albert,"{""m"": 2}",300,1.5000000000000002,2.0,2.0,1.0,0.08,0.2499999999999999,0.3,random,imitate,1.0,none,90,2,True,0.0,0.21184533333333325,0,,,0,0,0.0,4,75,barabasi_albert,2.0,0.3,0.2499999999999999
381,936,barabasi_albert,"{""m"": 2}",300,1.5000000000000002,2.0,2.0,1.0,0.08,0.2499999999999999,0.3,random,imitate,1.0,none,90,4,True,1.0,0.37688375466666657,1,1.0,3.0,1,300,300.0,4,75,barabasi_albert,2.0,0.3,0.2499999999999999
382,937,barabasi_albert,"{""m"": 2}",300,1.5000000000000002,2.0,2.0,1.0,0.08,0.2499999999999999,0.3,random,imitate,1.0,none,90,1,True,0.0,0.2299999999999999,0,,,0,0,0.0,4,75,barabasi_albert,2.0,0.3,0.2499999999999999
383,938,barabasi_albert,"{""m"": 2}",300,1.5000000000000002,2.0,2.0,1.0,0.08,0.2499999999999999,0.3,random,imitate,1.0,none,90,4,True,1.0,0.40643170133333323,1,1.0,2.0,1,300,300.0,4,75,barabasi_albert,2.0,0.3,0.2499999999999999
384,939,barabasi_albert,"{""m"": 2}",300,1.5000000000000002,2.0,2.0,1.0,0.08,0.2499999999999999,0.3,random,imitate,1.0,none,90,1,True,0.0,0.2299999999999999,0,,,0,0,0.0,4,75,barabasi_albert,2.0,0.3,0.2499999999999999
385,940,barabasi_albert,"{""m"": 2}",300,1.5000000000000002,2.0,2.0,1.0,0.08,0.2499999999999999,0.3,random,imitate,1.0,none,90,2,True,0.0,0.2130719999999999,0,,,0,0,0.0,4,75,barabasi_albert,2.0,0.3,0.2499999999999999
386,941,barabasi_albert,"{""m"": 2}",300,1.5000000000000002,2.0,2.0,1.0,0.08,0.2499999999999999,0.3,random,imitate,1.0,none,90,1,True,0.0,0.2299999999999999,0,,,0,0,0.0,4,75,barabasi_albert,2.0,0.3,0.2499999999999999
387,942,barabasi_albert,"{""m"": 2}",300,1.5000000000000002,2.0,2.0,1.0,0.08,0.2499999999999999,0.3,random,imitate,1.0,none,90,1,True,0.0,0.2299999999999999,0,,,0,0,0.0,4,75,barabasi_albert,2.0,0.3,0.2499999999999999
388,943,barabasi_albert,"{""m"": 2}",300,1.5000000000000002,2.0,2.0,1.0,0.08,0.2499999999999999,0.3,random,imitate,1.0,none,90,2,True,0.0,0.21209066666666657,0,,,0,0,0.0,4,75,barabasi_albert,2.0,0.3,0.2499999999999999
389,944,barabasi_albert,"{""m"": 2}",300,1.5000000000000002,2.0,2.0,1.0,0.08,0.2499999999999999,0.3,random,imitate,1.0,none,90,2,True,1.0,0.3649546666666666,1,0.0,0.0,1,300,300.0,4,75,barabasi_albert,2.0,0.3,0.2499999999999999
390,945,barabasi_albert,"{""m"": 2}",300,1.5000000000000002,2.0,2.0,1.0,0.08,0.2499999999999999,0.3,random,imitate,1.0,none,90,2,True,1.0,0.3438559999999999,1,0.0,1.0,1,300,300.0,4,75,barabasi_albert,2.0,0.3,0.2499999999999999
391,946,barabasi_albert,"{""m"": 2}",300,1.5000000000000002,2.0,2.0,1.0,0.08,0.2499999999999999,0.3,random,imitate,1.0,none,90,1,True,0.0,0.2299999999999999,0,,,0,0,0.0,4,75,barabasi_albert,2.0,0.3,0.2499999999999999
392,947,barabasi_albert,"{""m"": 2}",300,1.5000000000000002,2.0,2.0,1.0,0.08,0.2499999999999999,0.3,random,imitate,1.0,none,90,3,True,0.0,0.1988132266666666,0,,,0,0,0.0,4,75,barabasi_albert,2.0,0.3,0.2499999999999999
393,948,barabasi_albert,"{""m"": 2}",300,1.5000000000000002,2.0,2.0,1.0,0.08,0.2499999999999999,0.3,random,imitate,1.0,none,90,5,True,1.0,0.45740865501866657,1,1.0,1.0,1,300,300.0,4,75,barabasi_albert,2.0,0.3,0.2499999999999999
394,949,barabasi_albert,"{""m"": 2}",300,1.5000000000000002,2.0,2.0,1.0,0.08,0.2499999999999999,0.3,random,imitate,1.0,none,90,1,True,0.0,0.2299999999999999,0,,,0,0,0.0,4,75,barabasi_albert,2.0,0.3,0.2499999999999999
395,950,barabasi_albert,"{""m"": 2}",300,1.5000000000000002,2.0,2.0,1.0,0.08,0.2499999999999999,0.3,random,imitate,1.0,none,90,2,True,0.0,0.21724266666666656,0,,,0,0,0.0,4,75,barabasi_albert,2.0,0.3,0.2499999999999999
396,951,barabasi_albert,"{""m"": 2}",300,1.5000000000000002,2.0,2.0,1.0,0.08,0.2499999999999999,0.3,random,imitate,1.0,none,90,2,True,0.0,0.21209066666666657,0,,,0,0,0.0,4,75,barabasi_albert,2.0,0.3,0.2499999999999999
397,952,barabasi_albert,"{""m"": 2}",300,1.5000000000000002,2.0,2.0,1.0,0.08,0.2499999999999999,0.3,random,imitate,1.0,none,90,4,True,0.0,0.18349225813333325,0,,,0,0,0.0,4,75,barabasi_albert,2.0,0.3,0.2499999999999999
398,953,barabasi_albert,"{""m"": 2}",300,1.5000000000000002,2.0,2.0,1.0,0.08,0.2499999999999999,0.3,random,imitate,1.0,none,90,1,True,0.0,0.2299999999999999,0,,,0,0,0.0,4,75,barabasi_albert,2.0,0.3,0.2499999999999999
399,954,barabasi_albert,"{""m"": 2}",300,1.5000000000000002,2.0,2.0,1.0,0.08,0.2499999999999999,0.3,random,imitate,1.0,none,90,2,True,0.0,0.21184533333333325,0,,,0,0,0.0,4,75,barabasi_albert,2.0,0.3,0.2499999999999999
